Date,HomeTeam,AwayTeam,FTHG,FTAG,HS,HST,AS,AST,Season,Result,HomePass,AwayPass,HomePassAccuracy,AwayPassAccuracy,HomePossession,AwayPossession,HomeExpectedGoals,AwayExpectedGoals
31-12-20,Newcastle,Liverpool,0,0,8,2,11,4,2021,1,241,661,0.65,0.86,0.26,0.74,0.82,1.32
31-10-21,Norwich,Leeds United,1,2,14,3,13,6,2022,0,310,345,0.67,0.73,0.47,0.53,0.66,1.17
31-10-21,Aston Villa,West Ham,1,4,9,3,21,9,2022,0,333,459,0.73,0.83,0.42,0.58,0.69,2.66
31-10-20,Burnley,Chelsea,0,3,5,0,14,9,2021,0,392,693,0.75,0.87,0.36,0.64,0.41,1.23
31-10-20,Wolverhampton,Crystal Palace,2,0,15,5,11,2,2021,2,446,552,0.84,0.90,0.45,0.55,1.35,0.80
31-10-20,Sheffield United,Man City,0,1,3,1,16,8,2021,0,375,715,0.77,0.87,0.35,0.65,0.69,1.90
31-01-21,Southampton,Aston Villa,0,1,20,5,8,4,2021,0,487,336,0.81,0.74,0.60,0.40,2.23,0.80
31-01-21,Chelsea,Burnley,2,0,19,8,1,0,2021,2,723,287,0.86,0.65,0.72,0.28,1.44,0.39
31-01-21,Leicester,Leeds United,1,3,18,8,8,7,2021,0,404,389,0.75,0.72,0.51,0.49,1.73,1.81
31-01-21,West Ham,Liverpool,1,3,8,2,14,5,2021,0,365,785,0.76,0.89,0.32,0.68,0.88,2.06
31-01-21,Arsenal,Man United,0,0,17,3,14,3,2021,1,436,566,0.80,0.85,0.43,0.57,0.75,1.51
30-12-21,Man United,Burnley,3,1,18,6,10,3,2022,2,484,355,0.77,0.77,0.58,0.42,1.81,0.87
30-12-20,Brighton,Arsenal,0,1,13,2,11,3,2021,0,492,511,0.82,0.85,0.49,0.51,0.80,1.31
30-12-20,West Brom,Leeds United,0,5,4,1,14,6,2021,0,238,762,0.65,0.89,0.24,0.76,0.44,1.54
30-12-20,Burnley,Sheffield United,1,0,5,3,7,3,2021,2,322,551,0.69,0.81,0.37,0.63,0.97,0.49
30-12-20,Southampton,West Ham,0,0,8,3,8,3,2021,1,576,340,0.83,0.70,0.63,0.37,0.67,1.07
30-12-20,Man United,Wolverhampton,1,0,11,3,9,5,2021,2,611,439,0.87,0.81,0.59,0.41,1.48,0.41
30-11-21,Leeds United,Crystal Palace,1,0,15,3,9,1,2022,2,474,286,0.79,0.69,0.62,0.38,1.98,0.71
30-11-21,Newcastle,Norwich,1,1,9,1,16,6,2022,1,262,569,0.69,0.86,0.31,0.69,1.16,1.51
30-11-20,Arsenal,Wolverhampton,1,2,13,2,11,5,2021,0,494,405,0.85,0.80,0.57,0.43,1.12,2.01
30-10-21,Leicester,Arsenal,0,2,16,8,9,5,2022,0,621,342,0.87,0.76,0.65,0.35,1.99,1.10
30-10-21,Burnley,Brentford,3,1,15,6,12,5,2022,2,356,521,0.68,0.76,0.40,0.60,2.73,0.83
30-10-21,Liverpool,Brighton,2,2,14,3,9,6,2022,1,641,464,0.86,0.77,0.59,0.41,1.40,1.51
30-10-21,Newcastle,Chelsea,0,3,6,1,19,6,2022,0,198,773,0.62,0.90,0.20,0.80,0.16,2.17
30-10-21,Man City,Crystal Palace,0,2,14,3,8,3,2022,0,654,319,0.85,0.72,0.68,0.32,0.66,1.05
30-10-21,Tottenham,Man United,0,3,9,0,10,4,2022,0,570,421,0.85,0.80,0.59,0.41,1.16,1.39
30-10-21,Watford,Southampton,0,1,10,4,12,1,2022,0,297,482,0.66,0.75,0.38,0.62,0.85,1.91
30-04-22,Wolverhampton,Brighton,0,3,11,1,17,9,2022,0,458,479,0.82,0.82,0.49,0.51,0.53,2.91
30-04-22,Watford,Burnley,1,2,13,1,17,6,2022,0,334,396,0.63,0.67,0.46,0.54,0.79,1.37
30-04-22,Southampton,Crystal Palace,1,2,8,3,14,5,2022,0,326,529,0.67,0.82,0.38,0.62,0.65,0.76
30-04-22,Newcastle,Liverpool,0,1,4,2,24,10,2022,0,274,528,0.64,0.83,0.33,0.67,0.12,2.73
30-04-22,Leeds United,Man City,0,4,7,2,19,6,2022,0,421,617,0.78,0.88,0.40,0.60,1.04,3.01
30-04-22,Aston Villa,Norwich,2,0,21,6,9,3,2022,2,398,491,0.79,0.81,0.45,0.55,2.31,0.35
30-01-21,West Brom,Fulham,2,2,5,3,12,7,2021,1,336,574,0.63,0.80,0.37,0.63,0.99,1.52
30-01-21,Everton,Newcastle,0,2,11,3,13,3,2021,0,488,301,0.84,0.75,0.61,0.39,0.97,2.09
30-01-21,Man City,Sheffield United,1,0,10,5,4,1,2021,2,805,273,0.90,0.75,0.75,0.25,1.53,0.15
30-01-21,Crystal Palace,Wolverhampton,1,0,11,2,6,4,2021,2,518,560,0.86,0.88,0.47,0.53,1.37,0.45
29-12-21,Chelsea,Brighton,1,1,11,5,18,6,2022,1,430,473,0.79,0.80,0.47,0.53,0.76,0.79
29-12-21,Brentford,Man City,0,1,6,2,12,3,2022,0,217,716,0.62,0.88,0.23,0.77,0.24,1.02
29-12-20,Chelsea,Aston Villa,1,1,16,5,10,2,2021,1,550,314,0.82,0.71,0.64,0.36,1.54,0.73
29-11-20,Everton,Leeds United,0,1,15,8,23,6,2021,0,391,542,0.78,0.83,0.41,0.59,1.29,3.11
29-11-20,Southampton,Man United,2,3,10,5,15,6,2021,0,525,519,0.79,0.80,0.49,0.51,0.50,2.48
29-11-20,West Brom,Sheffield United,1,0,17,6,21,5,2021,2,380,402,0.78,0.80,0.48,0.52,1.72,3.37
29-11-20,Chelsea,Tottenham,0,0,13,3,5,1,2021,1,657,438,0.89,0.80,0.61,0.39,0.97,0.23
29-09-20,Liverpool,Arsenal,3,1,21,8,4,3,2021,2,772,395,0.88,0.75,0.66,0.34,2.74,1.18
29-08-21,Burnley,Leeds United,1,1,12,3,12,2,2022,1,291,521,0.68,0.81,0.35,0.65,1.71,1.52
29-08-21,Wolverhampton,Man United,0,1,15,6,10,3,2022,0,427,552,0.81,0.86,0.44,0.56,1.80,0.94
29-08-21,Tottenham,Watford,1,0,15,8,9,2,2022,2,500,364,0.87,0.81,0.58,0.42,0.92,0.60
29-01-21,Tottenham,Liverpool,1,3,3,2,14,7,2021,0,592,587,0.84,0.85,0.49,0.51,0.10,2.59
28-12-21,Leicester,Liverpool,1,0,6,1,21,4,2022,2,358,588,0.73,0.81,0.36,0.64,0.62,2.73
28-12-21,Crystal Palace,Norwich,3,0,19,6,12,3,2022,2,391,376,0.78,0.79,0.51,0.49,2.39,0.59
28-12-21,Southampton,Tottenham,1,1,9,2,21,11,2022,1,290,536,0.69,0.84,0.34,0.66,0.35,2.81
28-12-21,Watford,West Ham,1,4,14,5,13,6,2022,0,316,423,0.66,0.74,0.43,0.57,1.01,2.84
28-12-20,Crystal Palace,Leicester,1,1,4,1,17,3,2021,1,296,607,0.61,0.81,0.33,0.67,0.32,1.72
28-12-20,Wolverhampton,Tottenham,1,1,11,6,6,3,2021,1,542,466,0.85,0.78,0.55,0.45,0.74,0.41
28-11-21,Brentford,Everton,1,0,6,4,14,5,2022,2,359,536,0.67,0.83,0.39,0.61,1.20,0.97
28-11-21,Chelsea,Man United,1,1,24,6,3,2,2022,1,586,318,0.86,0.74,0.66,0.34,2.35,0.56
28-11-21,Leicester,Watford,4,2,18,8,16,5,2022,2,410,303,0.69,0.61,0.57,0.43,2.16,2.38
28-11-21,Man City,West Ham,2,1,19,9,5,3,2022,2,728,330,0.90,0.78,0.69,0.31,2.72,0.17
28-11-20,Man City,Burnley,5,0,19,6,9,1,2021,2,720,315,0.89,0.73,0.69,0.31,2.26,0.42
28-11-20,Brighton,Liverpool,1,1,11,3,6,2,2021,1,352,526,0.77,0.81,0.40,0.60,2.31,0.28
28-11-20,Crystal Palace,Newcastle,0,2,12,3,14,7,2021,0,503,375,0.82,0.73,0.58,0.42,0.53,1.28
28-09-20,Fulham,Aston Villa,0,3,16,3,12,5,2021,0,538,302,0.85,0.70,0.65,0.35,0.53,2.03
28-09-20,West Ham,Wolverhampton,4,0,15,7,11,2,2021,2,367,626,0.76,0.86,0.36,0.64,3.06,0.39
28-08-21,Man City,Arsenal,5,0,25,10,1,0,2022,2,757,185,0.91,0.67,0.81,0.19,4.47,0.12
28-08-21,Aston Villa,Brentford,1,1,7,5,9,2,2022,1,364,435,0.73,0.76,0.46,0.54,0.43,1.13
28-08-21,Liverpool,Chelsea,1,1,24,7,6,3,2022,1,695,370,0.86,0.72,0.66,0.34,2.08,0.57
28-08-21,West Ham,Crystal Palace,2,2,14,4,9,2,2022,1,378,462,0.78,0.82,0.45,0.55,1.45,1.68
28-08-21,Brighton,Everton,0,2,14,3,14,5,2022,0,612,315,0.86,0.77,0.66,0.34,0.70,1.55
28-08-21,Norwich,Leicester,1,2,14,4,9,3,2022,0,369,471,0.77,0.77,0.44,0.56,1.44,1.27
28-08-21,Newcastle,Southampton,2,2,10,5,22,6,2022,1,293,525,0.69,0.85,0.36,0.64,1.19,3.46
28-04-22,Man United,Chelsea,1,1,6,3,21,6,2022,1,345,628,0.78,0.88,0.35,0.65,0.62,2.47
28-02-21,Leicester,Arsenal,1,3,8,3,12,4,2021,0,408,507,0.77,0.82,0.44,0.56,0.53,2.11
28-02-21,Leeds United,Aston Villa,0,1,13,3,9,4,2021,0,517,227,0.79,0.60,0.70,0.30,1.00,0.88
28-02-21,Tottenham,Burnley,4,0,16,7,10,3,2021,2,633,439,0.83,0.77,0.59,0.41,2.36,0.60
28-02-21,Crystal Palace,Fulham,0,0,3,0,16,4,2021,1,364,540,0.75,0.82,0.40,0.60,0.09,0.81
28-02-21,Chelsea,Man United,0,0,18,6,11,4,2021,1,608,445,0.89,0.82,0.58,0.42,1.17,0.36
28-02-21,Newcastle,Wolverhampton,1,1,19,7,14,4,2021,1,388,423,0.84,0.80,0.47,0.53,1.95,1.28
28-01-21,Burnley,Aston Villa,3,2,10,5,18,10,2021,2,290,475,0.58,0.77,0.38,0.62,0.72,2.71
28-01-21,Brighton,Fulham,0,0,16,5,10,3,2021,1,411,439,0.71,0.73,0.49,0.51,2.29,0.51
28-01-21,Everton,Leicester,1,1,8,2,19,6,2021,1,298,573,0.76,0.86,0.35,0.65,0.47,0.79
28-01-21,Man United,Sheffield United,1,2,16,4,5,3,2021,0,803,257,0.88,0.68,0.76,0.24,0.99,0.69
28-01-21,Chelsea,Wolverhampton,0,0,14,5,4,0,2021,1,898,242,0.92,0.71,0.79,0.21,0.66,0.63
27-12-21,Newcastle,Man United,1,1,13,8,13,4,2022,1,259,566,0.64,0.80,0.31,0.69,1.27,1.76
27-12-20,West Ham,Brighton,2,2,11,4,13,4,2021,1,423,574,0.76,0.81,0.43,0.57,1.39,1.51
27-12-20,Leeds United,Burnley,1,0,11,4,14,6,2021,2,424,378,0.74,0.71,0.52,0.48,2.13,1.55
27-12-20,Arsenal,Chelsea,3,1,15,7,19,3,2021,2,328,506,0.69,0.84,0.39,0.61,1.94,2.25
27-12-20,Sheffield United,Everton,0,1,10,2,7,3,2021,0,420,545,0.72,0.79,0.43,0.57,1.25,0.57
27-12-20,Man City,Newcastle,2,0,11,6,7,2,2021,2,862,272,0.90,0.75,0.76,0.24,3.20,0.20
27-12-20,Liverpool,West Brom,1,1,17,2,5,3,2021,1,787,213,0.88,0.56,0.79,0.21,1.45,0.74
27-11-21,Crystal Palace,Aston Villa,1,2,8,3,10,3,2022,0,577,340,0.86,0.79,0.64,0.36,0.96,0.45
27-11-21,Brighton,Leeds United,0,0,20,4,11,4,2022,1,496,379,0.78,0.70,0.57,0.43,1.90,0.86
27-11-21,Arsenal,Newcastle,2,0,24,6,9,5,2022,2,646,328,0.87,0.79,0.66,0.34,2.84,0.19
27-11-21,Liverpool,Southampton,4,0,20,6,7,3,2022,2,613,338,0.80,0.68,0.65,0.35,3.07,0.97
27-11-21,Norwich,Wolverhampton,0,0,14,4,5,2,2022,1,443,601,0.83,0.85,0.43,0.57,1.40,0.30
27-10-20,Burnley,Tottenham,0,1,13,4,9,3,2021,0,364,595,0.74,0.84,0.38,0.62,0.95,0.80
27-10-20,Brighton,West Brom,1,1,5,3,9,3,2021,1,473,476,0.80,0.83,0.49,0.51,0.55,0.30
27-09-21,Crystal Palace,Brighton,1,1,8,3,8,4,2022,1,497,565,0.83,0.82,0.46,0.54,1.37,0.65
27-09-20,Sheffield United,Leeds United,0,1,14,4,17,9,2021,0,327,578,0.70,0.81,0.36,0.64,1.53,1.47
27-09-20,Man City,Leicester,2,5,16,5,7,7,2021,0,680,267,0.90,0.74,0.72,0.28,1.45,2.87
27-09-20,Tottenham,Newcastle,1,1,23,12,6,1,2021,1,640,319,0.88,0.77,0.66,0.34,3.19,0.94
27-09-20,Burnley,Southampton,0,1,10,2,5,1,2021,0,522,480,0.71,0.71,0.54,0.46,0.35,0.71
27-04-21,Leicester,Crystal Palace,2,1,13,5,4,2,2021,2,598,300,0.83,0.64,0.67,0.33,1.23,0.72
27-02-22,West Ham,Wolverhampton,1,0,13,4,14,1,2022,2,397,635,0.79,0.85,0.39,0.61,1.62,0.89
27-02-21,West Brom,Brighton,1,0,6,2,15,6,2021,2,230,553,0.61,0.81,0.29,0.71,0.69,3.12
27-02-21,Man City,West Ham,2,1,10,3,9,3,2021,2,675,394,0.89,0.80,0.64,0.36,0.76,1.93
27-01-21,Southampton,Arsenal,1,3,13,5,9,5,2021,0,493,353,0.85,0.77,0.58,0.42,1.00,2.43
27-01-21,Newcastle,Leeds United,1,2,22,5,9,2,2021,0,313,450,0.70,0.73,0.42,0.58,1.14,0.79
27-01-21,West Brom,Man City,0,5,4,1,18,7,2021,0,247,888,0.65,0.91,0.22,0.78,0.57,2.25
27-01-21,Crystal Palace,West Ham,2,3,6,3,17,7,2021,0,536,460,0.78,0.75,0.55,0.45,0.63,3.30
26-12-21,Norwich,Arsenal,0,5,4,2,16,6,2022,0,314,585,0.72,0.84,0.35,0.65,0.15,2.88
26-12-21,Brighton,Brentford,2,0,15,5,16,6,2022,2,467,450,0.80,0.77,0.51,0.49,0.94,1.10
26-12-21,Aston Villa,Chelsea,1,3,8,1,10,4,2022,0,446,609,0.85,0.88,0.42,0.58,0.47,2.83
26-12-21,Tottenham,Crystal Palace,3,0,17,6,4,0,2022,2,602,406,0.91,0.82,0.60,0.40,2.82,0.18
26-12-21,Man City,Leicester,6,3,17,9,14,8,2022,2,736,289,0.94,0.86,0.72,0.28,3.83,2.43
26-12-21,West Ham,Southampton,2,3,11,5,11,6,2022,0,451,378,0.80,0.76,0.56,0.44,1.54,1.36
26-12-20,Aston Villa,Crystal Palace,3,0,20,9,13,6,2021,2,526,364,0.87,0.83,0.59,0.41,4.58,0.85
26-12-20,Leicester,Man United,2,2,10,2,9,4,2021,1,507,439,0.79,0.79,0.55,0.45,1.04,2.08
26-12-20,Fulham,Southampton,0,0,10,1,3,2,2021,1,331,396,0.71,0.71,0.46,0.54,0.78,0.12
26-10-20,Arsenal,Leicester,0,1,12,4,6,2,2021,0,575,453,0.86,0.81,0.57,0.43,0.74,0.74
26-09-21,Arsenal,Tottenham,3,1,12,7,10,4,2022,2,431,485,0.82,0.85,0.46,0.54,3.44,0.98
26-09-21,Southampton,Wolverhampton,0,1,18,6,5,3,2022,0,497,383,0.83,0.73,0.57,0.43,0.91,0.91
26-09-20,West Brom,Chelsea,3,3,9,3,22,10,2021,1,249,797,0.67,0.89,0.24,0.76,0.91,2.36
26-09-20,Crystal Palace,Everton,1,2,8,1,10,5,2021,0,370,524,0.75,0.82,0.42,0.58,0.44,2.27
26-09-20,Brighton,Man United,2,3,18,5,7,3,2021,0,488,445,0.84,0.83,0.54,0.46,2.98,1.58
26-04-21,Aston Villa,West Brom,2,2,24,11,10,4,2021,1,551,240,0.84,0.57,0.71,0.29,2.65,1.57
26-02-22,Brighton,Aston Villa,0,2,12,1,9,4,2022,0,569,289,0.87,0.78,0.67,0.33,0.63,1.30
26-02-22,Crystal Palace,Burnley,1,1,11,4,5,1,2022,1,532,364,0.76,0.67,0.60,0.40,1.04,0.26
26-02-22,Everton,Man City,0,1,6,2,13,8,2022,0,320,676,0.76,0.88,0.32,0.68,0.77,1.93
26-02-22,Brentford,Newcastle,0,2,6,1,26,11,2022,0,301,504,0.66,0.82,0.37,0.63,0.49,2.25
26-02-22,Leeds United,Tottenham,0,4,19,3,15,11,2022,0,449,474,0.86,0.88,0.49,0.51,1.90,2.47
26-02-22,Man United,Watford,0,0,22,3,10,2,2022,1,676,335,0.84,0.70,0.68,0.32,2.41,0.44
25-10-20,Southampton,Everton,2,0,13,6,6,2,2021,2,610,509,0.88,0.85,0.55,0.45,0.74,0.29
25-10-20,Wolverhampton,Newcastle,1,1,16,3,5,2,2021,1,702,400,0.91,0.82,0.64,0.36,0.76,0.25
25-10-20,Liverpool,Sheffield United,2,1,17,5,13,2,2021,2,683,406,0.86,0.76,0.63,0.37,2.40,1.40
25-09-21,Man United,Aston Villa,0,1,28,4,7,3,2022,0,409,271,0.76,0.69,0.60,0.40,1.93,1.57
25-09-21,Leicester,Burnley,2,2,22,5,9,3,2022,1,576,286,0.83,0.67,0.68,0.32,2.16,0.43
25-09-21,Brentford,Liverpool,3,3,12,4,16,6,2022,1,271,561,0.66,0.82,0.32,0.68,2.94,2.26
25-09-21,Chelsea,Man City,0,1,5,0,15,4,2022,0,413,599,0.82,0.88,0.40,0.60,0.19,1.69
25-09-21,Watford,Newcastle,1,1,15,4,20,6,2022,1,364,335,0.76,0.76,0.53,0.47,0.90,2.52
25-09-21,Everton,Norwich,2,0,11,4,10,2,2022,2,420,487,0.82,0.83,0.46,0.54,2.27,0.80
25-09-21,Leeds United,West Ham,1,2,15,5,20,7,2022,0,414,348,0.81,0.78,0.54,0.46,1.20,1.99
25-04-22,Crystal Palace,Leeds United,0,0,17,7,9,2,2022,1,432,392,0.75,0.69,0.53,0.47,1.62,0.37
25-04-21,Sheffield United,Brighton,1,0,7,3,17,4,2021,2,295,640,0.67,0.86,0.31,0.69,0.79,2.06
25-04-21,Wolverhampton,Burnley,0,4,12,2,14,7,2021,0,474,325,0.77,0.71,0.60,0.40,0.35,2.24
25-04-21,Leeds United,Man United,0,0,6,3,16,4,2021,1,385,483,0.77,0.85,0.44,0.56,0.22,1.12
25-02-22,Southampton,Norwich,2,0,27,9,8,1,2022,2,501,360,0.81,0.75,0.59,0.41,3.09,0.42
24-11-20,Burnley,Crystal Palace,1,0,10,4,15,5,2021,2,409,459,0.72,0.76,0.46,0.54,1.75,1.28
24-11-20,Wolverhampton,Southampton,1,1,20,9,7,2,2021,1,416,516,0.80,0.81,0.45,0.55,1.57,1.08
24-10-21,Brentford,Leicester,1,2,15,5,10,6,2022,0,445,387,0.76,0.73,0.55,0.45,1.17,1.00
24-10-21,Man United,Liverpool,0,5,12,4,19,8,2022,0,409,731,0.81,0.89,0.36,0.64,1.36,4.05
24-10-21,West Ham,Tottenham,1,0,13,4,7,4,2022,2,369,637,0.79,0.85,0.37,0.63,1.73,0.67
24-10-20,Man United,Chelsea,0,0,14,4,6,1,2021,1,582,582,0.83,0.83,0.51,0.49,0.65,0.22
24-10-20,Fulham,Crystal Palace,1,2,16,3,14,10,2021,0,643,366,0.89,0.80,0.65,0.35,1.05,2.81
24-10-20,Aston Villa,Leeds United,0,3,12,4,27,9,2021,0,305,445,0.71,0.82,0.40,0.60,1.50,2.38
24-10-20,West Ham,Man City,1,1,6,2,14,7,2021,1,325,747,0.68,0.89,0.30,0.70,0.26,0.89
24-04-22,Liverpool,Everton,2,0,18,4,9,1,2022,2,787,173,0.89,0.54,0.83,0.17,1.70,0.42
24-04-22,Brighton,Southampton,2,2,8,5,18,5,2022,1,352,366,0.65,0.70,0.48,0.52,1.87,0.93
24-04-22,Chelsea,West Ham,1,0,26,5,6,2,2022,2,710,354,0.88,0.74,0.67,0.33,2.35,0.39
24-04-22,Burnley,Wolverhampton,1,0,14,5,10,4,2022,2,324,590,0.74,0.82,0.35,0.65,1.27,0.59
24-04-21,West Ham,Chelsea,0,1,9,2,17,6,2021,0,447,566,0.44,0.76,0.84,0.16,0.27,2.07
24-04-21,Arsenal,Everton,0,1,14,3,8,1,2021,0,627,438,0.91,0.81,0.60,0.40,0.74,0.53
24-04-21,Liverpool,Newcastle,1,1,22,9,7,4,2021,1,793,350,0.90,0.80,0.69,0.31,2.85,0.86
24-02-22,Arsenal,Wolverhampton,2,1,26,5,6,2,2022,2,508,407,0.82,0.74,0.56,0.44,2.51,1.11
24-02-21,Leeds United,Southampton,3,0,14,4,8,2,2021,2,319,365,0.67,0.74,0.46,0.54,1.85,1.48
24-01-21,Aston Villa,Newcastle,2,0,14,5,7,1,2021,2,567,369,0.88,0.78,0.60,0.40,2.60,0.40
23-11-20,Liverpool,Leicester,3,0,24,13,11,4,2021,2,572,441,0.85,0.78,0.57,0.43,3.77,1.98
23-10-21,Southampton,Burnley,2,2,16,4,9,5,2022,1,450,284,0.77,0.60,0.62,0.38,1.43,0.67
23-10-21,Brighton,Man City,1,4,10,5,23,14,2022,0,501,566,0.84,0.86,0.47,0.53,1.17,3.57
23-10-21,Crystal Palace,Newcastle,1,1,15,3,6,2,2022,1,665,214,0.86,0.64,0.75,0.25,2.26,0.72
23-10-21,Chelsea,Norwich,7,0,23,13,3,1,2022,2,626,380,0.90,0.78,0.62,0.38,3.11,0.27
23-10-21,Everton,Watford,2,5,15,4,20,8,2022,0,389,388,0.75,0.73,0.51,0.49,1.84,3.10
23-10-21,Leeds United,Wolverhampton,1,1,18,4,8,4,2022,1,494,293,0.81,0.66,0.63,0.37,1.71,0.86
23-08-21,West Ham,Leicester,4,1,13,7,5,1,2022,2,502,508,0.85,0.84,0.52,0.48,2.29,0.63
23-05-21,Arsenal,Brighton,2,0,16,5,5,1,2021,2,565,489,0.88,0.86,0.54,0.46,0.77,0.19
23-05-21,Sheffield United,Burnley,1,0,12,3,10,3,2021,2,361,482,0.68,0.71,0.43,0.57,0.42,0.56
23-05-21,Aston Villa,Chelsea,2,1,6,3,23,7,2021,2,250,598,0.69,0.88,0.28,0.72,0.98,3.43
23-05-21,Liverpool,Crystal Palace,2,0,19,5,5,4,2021,2,588,263,0.85,0.61,0.70,0.30,2.20,0.77
23-05-21,Man City,Everton,5,0,21,11,8,3,2021,2,725,340,0.91,0.79,0.68,0.32,2.88,1.07
23-05-21,Wolverhampton,Man United,1,2,14,4,9,4,2021,0,571,440,0.88,0.86,0.58,0.42,0.70,2.05
23-05-21,Fulham,Newcastle,0,2,14,0,10,4,2021,0,596,333,0.90,0.81,0.65,0.35,0.99,1.60
23-05-21,West Ham,Southampton,3,0,14,7,17,5,2021,2,300,534,0.69,0.80,0.36,0.64,1.98,1.35
23-05-21,Leicester,Tottenham,2,4,10,6,11,4,2021,0,444,492,0.76,0.80,0.47,0.53,1.83,1.85
23-05-21,Leeds United,West Brom,3,1,17,9,14,5,2021,2,499,268,0.82,0.70,0.65,0.35,2.49,1.02
23-04-22,Leicester,Aston Villa,0,0,5,2,11,3,2022,1,520,289,0.85,0.68,0.65,0.35,0.24,0.59
23-04-22,Arsenal,Man United,3,1,14,7,14,5,2022,2,507,412,0.84,0.81,0.55,0.45,2.54,2.04
23-04-22,Norwich,Newcastle,0,3,5,2,13,7,2022,0,417,506,0.75,0.83,0.45,0.55,0.66,1.88
23-04-22,Brentford,Tottenham,0,0,15,2,9,0,2022,1,393,508,0.75,0.84,0.44,0.56,1.32,0.52
23-04-22,Man City,Watford,5,1,21,8,5,2,2022,2,701,247,0.88,0.72,0.74,0.26,3.68,0.43
23-04-21,Aston Villa,Man City,1,2,8,3,13,3,2021,0,304,806,0.78,0.91,0.28,0.72,0.80,1.56
23-04-21,Leicester,West Brom,3,0,17,7,4,1,2021,2,706,255,0.85,0.63,0.73,0.27,2.67,0.28
23-02-22,Watford,Crystal Palace,1,4,8,1,7,5,2022,0,456,556,0.79,0.84,0.45,0.55,1.72,0.82
23-02-22,Liverpool,Leeds United,6,0,23,15,3,2,2022,2,672,378,0.86,0.74,0.64,0.36,5.33,0.67
23-02-22,Burnley,Tottenham,1,0,15,4,12,2,2022,2,326,639,0.79,0.84,0.34,0.66,1.56,0.69
23-02-21,Brighton,Crystal Palace,1,2,25,5,3,2,2021,0,715,250,0.87,0.66,0.75,0.25,2.59,0.18
23-01-22,Leicester,Brighton,1,1,15,5,14,5,2022,1,460,577,0.79,0.82,0.43,0.57,1.71,1.20
23-01-22,Arsenal,Burnley,0,0,20,5,10,1,2022,1,643,211,0.87,0.64,0.76,0.24,1.36,0.39
23-01-22,Crystal Palace,Liverpool,1,3,8,5,15,7,2022,0,431,576,0.70,0.80,0.43,0.57,1.63,1.50
23-01-22,Chelsea,Tottenham,2,0,15,7,6,3,2022,2,606,341,0.86,0.78,0.65,0.35,1.04,0.33
22-12-20,Chelsea,West Ham,3,0,11,7,6,0,2021,2,527,443,0.83,0.77,0.54,0.46,2.41,0.28
22-12-20,Burnley,Wolverhampton,2,1,10,4,15,3,2021,2,260,463,0.66,0.82,0.36,0.64,2.20,1.46
22-11-20,Leeds United,Arsenal,0,0,25,4,9,2,2021,1,610,310,0.85,0.70,0.67,0.33,1.96,0.71
22-11-20,Fulham,Everton,2,3,14,6,9,7,2021,0,620,517,0.84,0.77,0.55,0.45,1.87,2.25
22-11-20,Tottenham,Man City,2,0,4,2,22,5,2021,2,318,599,0.73,0.88,0.33,0.67,0.76,1.66
22-11-20,Man United,West Brom,1,0,17,7,7,2,2021,2,663,385,0.84,0.77,0.64,0.36,2.43,0.44
22-11-20,Sheffield United,West Ham,0,1,9,5,15,3,2021,0,517,497,0.80,0.79,0.51,0.49,0.69,2.11
22-10-21,Arsenal,Aston Villa,3,1,22,9,10,4,2022,2,454,392,0.81,0.79,0.54,0.46,3.50,1.41
22-09-20,Wolverhampton,Man City,1,3,10,1,14,9,2021,0,356,692,0.76,0.86,0.34,0.66,0.73,2.08
22-09-20,Aston Villa,Sheffield United,1,0,18,2,4,1,2021,2,553,221,0.87,0.59,0.72,0.28,0.81,0.85
22-08-21,Arsenal,Chelsea,0,2,6,3,22,5,2022,0,335,646,0.79,0.88,0.35,0.65,0.63,3.64
22-08-21,Southampton,Man United,1,1,8,3,15,4,2022,1,291,520,0.69,0.79,0.36,0.64,0.59,2.26
22-08-21,Wolverhampton,Tottenham,0,1,25,6,8,6,2022,0,470,356,0.83,0.79,0.58,0.42,1.51,1.73
22-05-22,Man City,Aston Villa,3,2,24,5,4,2,2022,2,601,243,0.88,0.67,0.72,0.28,3.32,0.25
22-05-22,Arsenal,Everton,5,1,26,9,6,2,2022,2,647,234,0.89,0.64,0.74,0.26,4.36,1.09
22-05-22,Brentford,Leeds United,1,2,14,5,14,6,2022,0,412,438,0.77,0.74,0.48,0.52,0.84,1.48
22-05-22,Crystal Palace,Man United,1,0,6,3,10,4,2022,2,327,526,0.72,0.83,0.38,0.62,0.35,0.78
22-05-22,Burnley,Newcastle,1,2,12,5,8,6,2022,0,344,338,0.69,0.71,0.52,0.48,1.49,1.74
22-05-22,Leicester,Southampton,4,1,12,6,7,2,2022,2,448,425,0.78,0.77,0.51,0.49,3.42,1.05
22-05-22,Norwich,Tottenham,0,5,9,0,19,13,2022,0,402,614,0.79,0.89,0.40,0.60,0.31,3.82
22-05-22,Chelsea,Watford,2,1,19,8,8,3,2022,2,734,281,0.90,0.74,0.72,0.28,2.59,0.58
22-05-22,Brighton,West Ham,3,1,18,7,7,2,2022,2,489,480,0.82,0.81,0.49,0.51,1.68,0.27
22-05-22,Liverpool,Wolverhampton,3,1,29,8,7,5,2022,2,669,400,0.88,0.80,0.63,0.37,3.19,1.12
22-04-21,Tottenham,Southampton,2,1,12,3,10,5,2021,2,610,371,0.83,0.74,0.62,0.38,1.29,1.06
22-03-21,Aston Villa,Tottenham,0,2,8,1,9,3,2021,0,416,421,0.77,0.79,0.51,0.49,0.44,1.72
22-02-21,Man United,Newcastle,3,1,15,7,10,6,2021,2,692,270,0.86,0.68,0.72,0.28,1.73,0.34
22-01-22,Everton,Aston Villa,0,1,15,1,8,3,2022,0,338,361,0.67,0.70,0.49,0.51,1.24,0.86
22-01-22,Southampton,Man City,1,1,7,3,20,5,2022,1,278,777,0.69,0.90,0.25,0.75,1.00,1.63
22-01-22,Leeds United,Newcastle,0,1,13,4,15,3,2022,0,477,277,0.79,0.67,0.63,0.37,1.13,1.16
22-01-22,Man United,West Ham,1,0,18,3,6,1,2022,2,548,413,0.82,0.74,0.57,0.43,1.76,0.24
22-01-22,Brentford,Wolverhampton,1,2,11,1,7,2,2022,0,455,477,0.73,0.74,0.49,0.51,0.74,0.22
22-01-21,Liverpool,Burnley,0,1,27,6,6,4,2021,0,686,274,0.85,0.66,0.72,0.28,1.85,1.08
21-12-20,West Brom,Aston Villa,0,3,1,1,19,10,2021,0,282,576,0.67,0.85,0.32,0.68,0.04,2.62
21-11-21,Man City,Everton,3,0,17,7,4,1,2022,2,861,247,0.93,0.69,0.78,0.22,2.61,0.27
21-11-21,Tottenham,Leeds United,2,1,13,4,18,7,2022,2,392,521,0.80,0.82,0.43,0.57,2.32,1.47
21-11-20,Aston Villa,Brighton,1,2,15,4,7,3,2021,0,457,385,0.83,0.81,0.56,0.44,1.77,1.50
21-11-20,Newcastle,Chelsea,0,2,8,1,14,3,2021,0,287,746,0.73,0.89,0.29,0.71,0.37,1.82
21-09-20,Leicester,Burnley,4,2,14,6,16,5,2021,2,621,292,0.84,0.68,0.68,0.32,0.99,1.52
21-08-21,Crystal Palace,Brentford,0,0,7,2,14,3,2022,1,431,382,0.75,0.70,0.53,0.47,0.61,0.71
21-08-21,Liverpool,Burnley,2,0,27,9,9,3,2022,2,527,263,0.82,0.66,0.67,0.33,2.64,0.69
21-08-21,Leeds United,Everton,2,2,17,4,17,8,2022,1,606,253,0.85,0.66,0.70,0.30,0.97,1.86
21-08-21,Aston Villa,Newcastle,2,0,10,2,9,1,2022,2,303,333,0.78,0.77,0.47,0.53,1.18,0.63
21-08-21,Man City,Norwich,5,0,16,4,1,0,2022,2,730,362,0.93,0.84,0.67,0.33,2.44,0.03
21-08-21,Brighton,Watford,2,0,13,3,10,1,2022,2,585,441,0.85,0.82,0.57,0.43,1.78,0.41
21-04-22,Burnley,Southampton,2,0,16,6,11,3,2022,2,354,479,0.68,0.82,0.43,0.57,2.15,1.32
21-04-21,Chelsea,Brighton,0,0,7,4,11,2,2021,1,740,410,0.88,0.76,0.65,0.35,0.81,0.46
21-03-21,West Ham,Arsenal,3,3,15,5,16,7,2021,1,348,606,0.73,0.86,0.36,0.64,2.51,1.35
21-03-21,Brighton,Newcastle,3,0,11,6,3,1,2021,2,728,382,0.88,0.79,0.66,0.34,0.95,0.10
21-02-21,Liverpool,Everton,0,2,15,6,9,6,2021,0,693,279,0.87,0.68,0.72,0.28,1.54,2.01
21-02-21,Aston Villa,Leicester,1,2,11,2,16,7,2021,0,430,450,0.80,0.83,0.49,0.51,1.71,1.24
21-02-21,Arsenal,Man City,0,1,7,1,15,3,2021,0,479,599,0.84,0.88,0.45,0.55,0.33,2.09
21-02-21,Fulham,Sheffield United,1,0,15,7,4,2,2021,2,597,321,0.82,0.65,0.66,0.34,1.21,0.59
21-02-21,West Ham,Tottenham,2,1,4,4,20,4,2021,2,253,569,0.61,0.82,0.30,0.70,1.09,0.77
21-01-22,Watford,Norwich,0,3,15,4,7,2,2022,0,565,259,0.82,0.58,0.69,0.31,1.31,0.93
21-01-21,Man City,Aston Villa,2,0,28,9,11,4,2021,2,628,285,0.88,0.72,0.70,0.30,3.34,0.60
21-01-21,Fulham,Man United,1,2,12,5,15,5,2021,0,400,636,0.80,0.85,0.38,0.62,0.75,1.68
20-12-20,Everton,Arsenal,2,1,9,2,13,2,2021,2,401,551,0.80,0.89,0.42,0.58,0.66,1.25
20-12-20,Newcastle,Fulham,1,1,12,5,11,4,2021,1,470,480,0.81,0.82,0.49,0.51,1.27,1.11
20-12-20,Man United,Leeds United,6,2,26,14,17,4,2021,2,354,478,0.77,0.83,0.41,0.59,4.78,1.63
20-12-20,Tottenham,Leicester,0,2,8,3,17,4,2021,0,518,406,0.78,0.79,0.57,0.43,0.95,1.75
20-12-20,Brighton,Sheffield United,1,1,21,5,5,3,2021,1,545,203,0.84,0.64,0.74,0.26,2.90,1.04
20-11-21,Liverpool,Arsenal,4,0,19,9,5,3,2022,2,639,384,0.88,0.80,0.63,0.37,3.97,0.27
20-11-21,Newcastle,Brentford,3,3,23,9,10,4,2022,1,354,335,0.72,0.67,0.53,0.47,2.18,1.23
20-11-21,Aston Villa,Brighton,2,0,9,5,6,2,2022,2,352,608,0.82,0.89,0.37,0.63,1.07,0.58
20-11-21,Leicester,Chelsea,0,3,4,3,16,7,2022,0,374,607,0.73,0.85,0.38,0.62,0.50,2.57
20-11-21,Burnley,Crystal Palace,3,3,15,9,18,8,2022,1,311,488,0.68,0.80,0.39,0.61,1.04,1.75
20-11-21,Watford,Man United,4,1,20,7,9,3,2022,2,335,553,0.66,0.79,0.38,0.62,2.73,1.67
20-11-21,Norwich,Southampton,2,1,8,4,17,5,2022,2,333,568,0.67,0.82,0.37,0.63,0.44,1.13
20-11-21,Wolverhampton,West Ham,1,0,15,5,8,3,2022,2,530,482,0.85,0.86,0.53,0.47,1.32,0.44
20-09-20,Newcastle,Brighton,0,3,6,0,13,6,2021,0,386,444,0.76,0.80,0.47,0.53,0.52,1.88
20-09-20,Chelsea,Liverpool,0,2,5,3,18,6,2021,0,488,764,0.84,0.89,0.38,0.62,0.90,2.25
20-09-20,Southampton,Tottenham,2,5,14,7,9,6,2021,0,460,419,0.76,0.72,0.53,0.47,2.28,2.28
20-09-20,Arsenal,West Ham,2,1,7,3,14,3,2021,2,669,383,0.86,0.81,0.63,0.37,1.33,2.06
20-05-21,Crystal Palace,Arsenal,1,3,12,6,6,3,2021,0,258,603,0.70,0.86,0.31,0.69,1.00,1.79
20-05-21,Tottenham,Aston Villa,1,2,10,4,20,4,2021,0,569,367,0.83,0.80,0.61,0.39,0.89,1.64
20-05-21,Burnley,Liverpool,0,3,10,4,20,3,2021,0,389,584,0.77,0.84,0.41,0.59,0.84,2.73
20-05-21,Newcastle,Sheffield United,1,0,16,5,11,1,2021,2,487,462,0.89,0.84,0.51,0.49,1.83,0.88
20-05-21,West Brom,West Ham,0,3,14,4,21,9,2021,0,357,326,0.74,0.73,0.53,0.47,1.11,3.57
20-05-21,Everton,Wolverhampton,1,0,14,4,9,3,2021,2,377,528,0.79,0.84,0.41,0.59,0.67,0.27
20-04-22,Chelsea,Arsenal,2,4,11,2,14,4,2022,0,704,332,0.85,0.75,0.68,0.32,0.81,0.46
20-04-22,Man City,Brighton,3,0,17,5,2,1,2022,2,667,353,0.87,0.73,0.66,0.34,1.53,0.12
20-04-22,Newcastle,Crystal Palace,1,0,13,4,10,2,2022,2,347,589,0.75,0.83,0.36,0.64,0.77,0.43
20-04-22,Everton,Leicester,1,1,13,3,11,3,2022,1,353,631,0.73,0.81,0.36,0.64,1.69,0.79
20-04-21,Leeds United,Liverpool,1,1,12,5,17,7,2021,1,525,322,0.83,0.77,0.62,0.38,2.60,1.60
20-03-22,Leicester,Brentford,2,1,12,4,15,6,2022,2,514,452,0.85,0.82,0.53,0.47,1.28,1.72
20-03-22,Tottenham,West Ham,3,1,17,4,6,1,2022,2,604,544,0.90,0.88,0.53,0.47,2.55,0.64
20-03-21,Fulham,Leeds United,1,2,13,6,13,4,2021,0,339,319,0.72,0.68,0.52,0.48,1.47,1.41
20-02-22,Wolverhampton,Leicester,2,1,11,3,17,7,2022,2,320,567,0.78,0.87,0.36,0.64,0.47,1.55
20-02-22,Leeds United,Man United,2,4,16,6,15,9,2022,0,409,340,0.78,0.72,0.55,0.45,1.74,2.61
20-02-21,Southampton,Chelsea,1,1,4,1,9,3,2021,1,295,727,0.65,0.85,0.29,0.71,0.50,1.45
20-02-21,Wolverhampton,Leeds United,1,0,15,5,18,7,2021,2,308,440,0.75,0.80,0.41,0.59,0.59,2.48
20-02-21,Burnley,West Brom,0,0,6,1,10,3,2021,1,433,267,0.75,0.59,0.63,0.37,0.54,1.72
20-01-21,Leicester,Chelsea,2,0,8,6,9,5,2021,2,340,636,0.81,0.87,0.35,0.65,1.14,0.62
20-01-21,West Ham,West Brom,2,1,14,6,6,2,2021,2,541,375,0.82,0.72,0.59,0.41,2.18,0.46
19-12-21,Wolverhampton,Chelsea,0,0,4,1,8,1,2022,1,433,739,0.77,0.87,0.36,0.64,0.32,0.79
19-12-21,Tottenham,Liverpool,2,2,10,5,18,6,2022,1,413,519,0.76,0.81,0.43,0.57,2.80,1.55
19-12-21,Newcastle,Man City,0,4,5,1,18,7,2022,0,265,709,0.81,0.91,0.28,0.72,0.17,3.65
19-12-20,Crystal Palace,Liverpool,0,7,5,3,14,8,2021,0,397,743,0.75,0.87,0.35,0.65,0.49,2.87
19-12-20,Southampton,Man City,0,1,9,3,11,5,2021,0,498,547,0.81,0.85,0.48,0.52,0.59,1.16
19-10-20,Leicester,Aston Villa,0,1,11,5,10,4,2021,0,417,397,0.75,0.76,0.51,0.49,0.67,0.87
19-10-20,West Brom,Burnley,0,0,13,6,9,4,2021,1,477,352,0.75,0.68,0.57,0.43,0.73,1.09
19-10-20,Leeds United,Wolverhampton,0,1,13,2,7,3,2021,0,553,269,0.83,0.66,0.68,0.32,1.08,0.62
19-09-21,Tottenham,Chelsea,0,3,8,2,20,10,2022,0,480,525,0.82,0.87,0.47,0.53,0.71,2.59
19-09-21,Brighton,Leicester,2,1,12,5,14,3,2022,2,322,549,0.76,0.85,0.37,0.63,1.47,1.25
19-09-21,West Ham,Man United,1,2,13,4,17,10,2022,0,417,624,0.83,0.90,0.39,0.61,1.67,1.90
19-09-20,Man United,Crystal Palace,1,3,17,4,14,5,2021,0,705,225,0.85,0.61,0.76,0.24,1.10,1.91
19-09-20,Leeds United,Fulham,4,3,10,7,14,6,2021,2,444,438,0.75,0.80,0.51,0.49,1.45,1.56
19-09-20,Everton,West Brom,5,2,17,7,6,4,2021,2,799,322,0.90,0.78,0.72,0.28,4.16,0.32
19-05-22,Aston Villa,Burnley,1,1,22,9,10,5,2022,1,587,231,0.90,0.68,0.72,0.28,1.00,1.63
19-05-22,Everton,Crystal Palace,3,2,12,6,7,5,2022,2,347,467,0.70,0.77,0.43,0.57,0.81,1.60
19-05-22,Chelsea,Leicester,1,1,20,7,2,1,2022,1,750,370,0.92,0.79,0.68,0.32,1.62,0.04
19-05-21,Man United,Fulham,1,1,13,6,8,5,2021,1,544,410,0.86,0.81,0.58,0.42,0.92,0.87
19-05-21,Southampton,Leeds United,0,2,18,3,15,7,2021,0,392,375,0.82,0.74,0.52,0.48,1.31,1.58
19-05-21,Chelsea,Leicester,2,1,17,6,7,3,2021,2,549,381,0.84,0.76,0.59,0.41,2.86,0.83
19-05-21,Brighton,Man City,3,2,19,6,8,4,2021,2,607,361,0.88,0.83,0.63,0.37,1.23,1.07
19-04-22,Liverpool,Man United,4,0,14,5,2,1,2022,2,897,354,0.91,0.73,0.72,0.28,2.26,0.11
19-03-22,Aston Villa,Arsenal,0,1,8,1,10,3,2022,0,441,521,0.84,0.86,0.47,0.53,0.31,1.15
19-02-22,Arsenal,Brentford,2,1,24,8,6,2,2022,2,562,294,0.85,0.72,0.67,0.33,1.52,0.64
19-02-22,Brighton,Burnley,0,3,11,1,10,4,2022,0,579,260,0.84,0.62,0.69,0.31,0.45,0.82
19-02-22,Crystal Palace,Chelsea,0,1,7,0,9,3,2022,0,373,518,0.79,0.82,0.42,0.58,0.62,1.12
19-02-22,Southampton,Everton,2,0,19,11,9,0,2022,2,506,401,0.78,0.70,0.56,0.44,2.73,0.20
19-02-22,West Ham,Newcastle,1,1,11,3,14,3,2022,1,388,431,0.75,0.78,0.47,0.53,0.85,0.93
19-02-22,Liverpool,Norwich,3,1,29,8,6,1,2022,2,697,308,0.89,0.71,0.70,0.30,3.15,0.67
19-02-22,Man City,Tottenham,2,3,21,4,6,5,2022,0,755,308,0.91,0.78,0.72,0.28,2.32,2.00
19-02-22,Aston Villa,Watford,0,1,20,1,8,4,2022,0,550,383,0.84,0.75,0.60,0.40,1.03,1.82
19-01-22,Brentford,Man United,1,3,18,8,13,5,2022,0,405,519,0.71,0.79,0.43,0.57,2.08,2.06
19-01-22,Leicester,Tottenham,2,3,14,4,27,10,2022,0,569,592,0.86,0.88,0.48,0.52,1.95,4.25
19-01-21,Arsenal,Newcastle,3,0,20,6,4,1,2021,2,634,323,0.89,0.74,0.67,0.33,2.31,0.17
18-12-21,Leeds United,Arsenal,1,4,9,2,21,12,2022,0,405,392,0.77,0.77,0.51,0.49,1.31,3.69
18-12-20,Aston Villa,Burnley,0,0,27,7,6,4,2021,1,388,273,0.72,0.60,0.60,0.40,1.81,0.32
18-12-20,Sheffield United,Man United,2,3,12,6,15,9,2021,0,362,557,0.73,0.83,0.40,0.60,1.24,1.79
18-10-21,Arsenal,Crystal Palace,2,2,17,6,9,6,2022,1,544,475,0.87,0.84,0.54,0.46,1.74,0.49
18-10-20,Crystal Palace,Brighton,1,1,1,1,20,3,2021,1,280,544,0.68,0.82,0.34,0.66,0.76,1.09
18-10-20,Sheffield United,Fulham,1,1,10,6,15,6,2021,1,399,563,0.80,0.84,0.41,0.59,1.66,1.36
18-10-20,Newcastle,Man United,1,4,7,4,28,14,2021,0,358,629,0.71,0.86,0.36,0.64,0.87,2.22
18-10-20,Tottenham,West Ham,3,3,11,6,13,4,2021,1,511,459,0.81,0.81,0.52,0.48,1.78,1.50
18-09-21,Burnley,Arsenal,0,1,18,3,13,3,2022,0,392,523,0.74,0.80,0.45,0.55,0.78,1.10
18-09-21,Wolverhampton,Brentford,0,2,11,0,9,3,2022,0,519,324,0.84,0.74,0.62,0.38,1.02,2.33
18-09-21,Liverpool,Crystal Palace,3,0,25,10,13,2,2022,2,490,332,0.84,0.76,0.60,0.40,2.77,0.64
18-09-21,Aston Villa,Everton,3,0,15,3,11,1,2022,2,384,310,0.80,0.73,0.56,0.44,0.78,1.57
18-09-21,Man City,Southampton,0,0,18,1,10,2,2022,1,555,319,0.87,0.74,0.64,0.36,1.22,0.49
18-09-21,Norwich,Watford,1,3,12,5,12,8,2022,0,375,396,0.81,0.79,0.48,0.52,0.78,2.42
18-04-21,Man United,Burnley,3,1,17,9,10,3,2021,2,610,266,0.88,0.73,0.70,0.30,2.87,0.96
18-04-21,Arsenal,Fulham,1,1,18,5,3,1,2021,1,633,286,0.88,0.74,0.70,0.30,2.86,0.84
18-04-21,Wolverhampton,Sheffield United,1,0,10,5,8,2,2021,2,479,512,0.84,0.86,0.47,0.53,1.23,0.30
18-03-22,Wolverhampton,Leeds United,2,3,14,8,15,6,2022,0,414,448,0.80,0.80,0.47,0.53,1.24,2.82
18-02-21,Burnley,Fulham,1,1,8,3,8,3,2021,1,400,477,0.68,0.73,0.46,0.54,1.21,0.61
18-02-21,Everton,Man City,1,3,3,2,16,7,2021,0,313,755,0.73,0.90,0.29,0.71,1.05,1.23
18-01-22,Brighton,Chelsea,1,1,10,2,15,3,2022,1,438,579,0.82,0.86,0.43,0.57,0.75,0.57
18-01-21,Man City,Crystal Palace,4,0,13,6,2,0,2021,1,747,288,0.90,0.72,0.73,0.27,0.96,0.05
17-12-20,Fulham,Brighton,0,0,9,4,9,4,2021,1,426,481,0.73,0.72,0.46,0.54,1.00,0.46
17-12-20,West Ham,Crystal Palace,1,1,9,2,8,2,2021,1,439,422,0.85,0.77,0.52,0.48,0.45,1.09
17-12-20,Leicester,Everton,0,2,14,2,11,6,2021,0,547,344,0.84,0.77,0.61,0.39,0.84,1.51
17-12-20,Leeds United,Newcastle,5,2,25,10,10,4,2021,2,533,246,0.83,0.65,0.69,0.31,2.95,1.44
17-12-20,Arsenal,Southampton,1,1,9,4,13,3,2021,1,340,632,0.77,0.85,0.35,0.65,0.66,1.11
17-12-20,Liverpool,Tottenham,2,1,17,11,8,2,2021,2,813,254,0.88,0.61,0.76,0.24,1.22,1.52
17-10-21,Newcastle,Tottenham,2,3,7,1,14,4,2022,0,334,612,0.79,0.88,0.35,0.65,0.65,1.55
17-10-21,Everton,West Ham,0,1,15,2,16,4,2022,0,327,539,0.73,0.83,0.39,0.61,0.85,2.03
17-10-20,Man City,Arsenal,1,0,13,5,11,3,2021,2,665,462,0.88,0.84,0.59,0.41,1.43,0.84
17-10-20,Everton,Liverpool,2,2,11,5,22,8,2021,1,380,524,0.74,0.83,0.41,0.59,1.36,2.49
17-10-20,Chelsea,Southampton,3,3,11,5,13,6,2021,1,574,503,0.81,0.75,0.54,0.46,1.99,1.42
17-09-21,Newcastle,Leeds United,1,1,17,7,22,9,2022,1,301,541,0.70,0.85,0.35,0.65,1.18,1.43
17-05-22,Southampton,Liverpool,1,2,4,2,24,5,2022,0,300,734,0.75,0.89,0.29,0.71,0.12,1.19
17-05-21,Everton,Sheffield United,0,1,16,6,10,3,2021,0,635,385,0.86,0.77,0.63,0.37,1.25,1.39
17-04-22,West Ham,Burnley,1,1,21,8,9,1,2022,1,505,325,0.84,0.72,0.61,0.39,2.79,1.88
17-04-22,Newcastle,Leicester,2,1,16,7,8,2,2022,2,264,584,0.64,0.83,0.31,0.69,2.54,0.54
17-04-21,Everton,Tottenham,2,2,18,7,12,3,2021,1,502,450,0.78,0.75,0.53,0.47,2.26,1.48
17-04-21,Newcastle,West Ham,3,2,16,8,16,6,2021,2,272,510,0.75,0.84,0.34,0.66,2.43,2.07
17-03-22,Everton,Newcastle,1,0,9,3,17,6,2022,2,276,447,0.66,0.76,0.38,0.62,0.71,0.76
17-01-21,Fulham,Chelsea,0,1,10,3,21,6,2021,0,328,757,0.72,0.88,0.30,0.70,0.46,1.38
17-01-21,Liverpool,Man United,0,0,17,3,8,4,2021,1,667,344,0.86,0.73,0.66,0.34,1.20,1.19
17-01-21,Leicester,Southampton,2,0,16,5,8,3,2021,2,445,493,0.71,0.75,0.47,0.53,2.12,0.38
17-01-21,Sheffield United,Tottenham,1,3,15,5,14,5,2021,0,413,580,0.77,0.82,0.42,0.58,0.98,1.28
16-12-21,Chelsea,Everton,1,1,23,10,5,3,2022,1,777,194,0.89,0.55,0.81,0.19,3.20,0.63
16-12-21,Liverpool,Newcastle,3,1,23,8,4,2,2022,2,738,258,0.85,0.60,0.75,0.25,2.94,0.21
16-12-20,Wolverhampton,Chelsea,2,1,12,4,13,3,2021,2,418,494,0.80,0.85,0.45,0.55,0.68,1.57
16-12-20,Man City,West Brom,1,1,26,7,5,1,2021,1,752,224,0.90,0.59,0.78,0.22,2.59,0.21
16-10-21,Norwich,Brighton,0,0,15,3,11,3,2022,1,292,569,0.69,0.84,0.35,0.65,1.16,1.18
16-10-21,Man City,Burnley,2,0,15,6,7,2,2022,2,768,318,0.89,0.71,0.71,0.29,2.16,1.08
16-10-21,Brentford,Chelsea,0,1,17,7,5,1,2022,0,405,540,0.75,0.84,0.43,0.57,1.62,0.25
16-10-21,Southampton,Leeds United,1,0,19,5,3,0,2022,2,362,452,0.76,0.76,0.45,0.55,1.83,0.45
16-10-21,Watford,Liverpool,0,5,6,2,19,8,2022,0,252,816,0.65,0.87,0.23,0.77,0.30,3.66
16-10-21,Leicester,Man United,4,2,22,11,18,6,2022,2,499,517,0.85,0.86,0.48,0.52,2.97,1.02
16-10-21,Aston Villa,Wolverhampton,2,3,14,5,9,4,2022,0,391,415,0.80,0.80,0.48,0.52,1.21,2.20
16-05-22,Newcastle,Arsenal,2,0,16,4,11,2,2022,2,325,331,0.80,0.77,0.51,0.49,1.68,0.49
16-05-21,Crystal Palace,Aston Villa,3,2,23,8,19,5,2021,2,325,393,0.73,0.78,0.45,0.55,1.95,1.23
16-05-21,West Brom,Liverpool,1,2,9,3,26,6,2021,0,200,699,0.60,0.87,0.23,0.77,1.14,2.08
16-05-21,Brighton,West Ham,1,1,10,2,15,3,2021,1,595,552,0.85,0.85,0.52,0.48,0.92,1.92
16-05-21,Tottenham,Wolverhampton,2,0,24,13,15,3,2021,2,584,360,0.87,0.82,0.62,0.38,3.14,1.09
16-04-22,Southampton,Arsenal,1,0,9,3,23,6,2022,2,213,655,0.61,0.88,0.24,0.76,1.04,1.35
16-04-22,Watford,Brentford,1,2,17,4,16,5,2022,0,395,382,0.75,0.73,0.51,0.49,1.50,2.12
16-04-22,Tottenham,Brighton,0,1,5,0,12,5,2022,0,480,499,0.81,0.83,0.48,0.52,0.59,0.71
16-04-22,Man United,Norwich,3,2,20,9,15,4,2022,2,623,386,0.89,0.81,0.61,0.39,1.67,1.80
16-03-22,Arsenal,Liverpool,0,2,9,2,9,3,2022,0,505,528,0.80,0.82,0.48,0.52,0.53,1.28
16-03-22,Brighton,Tottenham,0,2,15,0,17,7,2022,0,496,551,0.85,0.87,0.48,0.52,1.04,2.05
16-03-21,Wolverhampton,Liverpool,0,1,10,5,12,4,2021,0,508,467,0.79,0.75,0.53,0.47,1.29,1.06
16-02-21,Chelsea,Newcastle,2,0,18,6,10,4,2021,2,564,289,0.87,0.77,0.66,0.34,2.54,0.43
16-02-21,West Ham,Sheffield United,3,0,13,9,8,5,2021,2,429,500,0.81,0.85,0.45,0.55,2.33,0.93
16-01-22,Liverpool,Brentford,3,0,27,13,6,1,2022,2,712,340,0.82,0.62,0.69,0.31,3.49,0.38
16-01-22,West Ham,Leeds United,2,3,15,5,18,5,2022,0,386,442,0.69,0.72,0.47,0.53,2.35,2.27
16-01-21,Leeds United,Brighton,0,1,7,2,7,2,2021,0,601,305,0.82,0.69,0.67,0.33,0.25,1.14
16-01-21,West Ham,Burnley,1,0,15,4,10,2,2021,2,364,454,0.72,0.73,0.44,0.56,1.73,0.40
16-01-21,Wolverhampton,West Brom,2,3,23,6,12,5,2021,0,549,270,0.83,0.67,0.68,0.32,1.94,2.46
15-12-21,Crystal Palace,Southampton,2,2,9,6,15,4,2022,1,448,299,0.74,0.64,0.60,0.40,1.49,0.63
15-12-21,Arsenal,West Ham,2,0,21,8,7,1,2022,2,501,387,0.83,0.81,0.57,0.43,2.81,0.34
15-12-21,Brighton,Wolverhampton,0,1,12,2,8,5,2022,0,524,365,0.84,0.77,0.60,0.40,1.20,1.12
15-09-20,Brighton,Chelsea,1,3,13,3,10,5,2021,0,507,465,0.81,0.83,0.53,0.47,1.44,1.27
15-09-20,Sheffield United,Wolverhampton,0,2,9,2,11,4,2021,0,460,391,0.81,0.78,0.56,0.44,0.95,1.61
15-08-21,Tottenham,Man City,1,0,13,3,18,4,2022,2,293,548,0.77,0.85,0.34,0.66,1.06,2.11
15-08-21,Newcastle,West Ham,2,4,17,3,8,9,2022,0,401,473,0.84,0.85,0.46,0.54,1.68,3.01
15-05-22,Everton,Brentford,2,3,10,5,18,7,2022,0,212,586,0.67,0.85,0.27,0.73,2.70,1.82
15-05-22,Leeds United,Brighton,1,1,19,5,16,6,2022,1,394,403,0.70,0.73,0.51,0.49,2.22,2.26
15-05-22,Tottenham,Burnley,1,0,21,8,8,1,2022,2,647,299,0.87,0.73,0.69,0.31,2.39,0.63
15-05-22,Aston Villa,Crystal Palace,1,1,13,4,16,4,2022,1,464,486,0.82,0.84,0.48,0.52,0.80,1.39
15-05-22,Watford,Leicester,1,5,13,5,13,7,2022,0,351,526,0.77,0.85,0.40,0.60,2.59,2.27
15-05-22,West Ham,Man City,2,2,6,2,31,8,2022,1,189,697,0.65,0.91,0.21,0.79,1.01,2.15
15-05-22,Wolverhampton,Norwich,1,1,17,4,11,2,2022,2,613,350,0.89,0.76,0.64,0.36,1.00,1.53
15-05-21,Southampton,Fulham,3,1,11,7,10,3,2021,2,470,547,0.86,0.86,0.46,0.54,2.29,0.88
15-05-21,Burnley,Leeds United,0,4,16,4,16,6,2021,0,418,440,0.76,0.65,0.48,0.52,1.41,1.86
15-05-21,Newcastle,Man City,3,4,11,5,15,6,2021,0,195,925,0.67,0.94,0.17,0.83,2.18,1.48
15-03-21,Man United,West Ham,1,0,15,4,7,0,2021,2,684,411,0.90,0.81,0.62,0.38,1.70,0.46
15-02-22,Man United,Brighton,2,0,19,7,10,3,2022,2,512,516,0.81,0.84,0.50,0.50,2.75,1.26
15-02-21,Everton,Fulham,0,2,7,2,12,3,2021,0,534,545,0.83,0.85,0.49,0.51,0.31,2.55
15-01-22,Man City,Chelsea,1,0,11,6,4,1,2022,2,579,459,0.86,0.84,0.56,0.44,0.90,0.61
15-01-22,Norwich,Everton,2,1,14,3,12,5,2022,2,284,435,0.70,0.79,0.40,0.60,1.00,0.54
15-01-22,Aston Villa,Man United,2,2,13,9,13,6,2022,1,540,451,0.84,0.81,0.55,0.45,1.83,1.35
15-01-22,Wolverhampton,Southampton,3,1,9,5,13,10,2022,2,327,437,0.71,0.81,0.42,0.58,2.30,0.92
15-01-22,Newcastle,Watford,1,1,12,1,18,5,2022,1,407,381,0.75,0.79,0.52,0.48,1.04,1.50
15-01-21,Arsenal,Crystal Palace,0,0,11,4,12,2,2021,1,692,339,0.86,0.76,0.68,0.32,0.31,0.71
14-12-21,Norwich,Aston Villa,0,2,7,3,17,6,2022,0,451,447,0.82,0.82,0.51,0.49,0.50,1.96
14-12-21,Man City,Leeds United,7,0,31,15,6,3,2022,2,608,338,0.91,0.80,0.65,0.35,3.31,0.23
14-12-20,Leicester,Brighton,3,0,15,6,12,4,2021,2,539,455,0.87,0.81,0.55,0.45,1.64,0.79
14-12-20,Arsenal,Burnley,0,1,18,6,10,2,2021,0,557,307,0.82,0.71,0.65,0.35,1.85,0.82
14-08-21,Watford,Aston Villa,3,2,13,7,11,2,2022,2,317,508,0.73,0.85,0.37,0.63,1.35,1.14
14-08-21,Burnley,Brighton,1,2,14,3,14,8,2022,0,259,518,0.69,0.81,0.35,0.65,1.80,1.69
14-08-21,Chelsea,Crystal Palace,3,0,13,6,4,1,2022,2,678,423,0.91,0.85,0.62,0.38,1.19,0.32
14-08-21,Man United,Leeds United,5,1,16,8,10,3,2022,2,422,438,0.79,0.78,0.48,0.52,1.64,0.57
14-08-21,Norwich,Liverpool,0,3,14,3,19,8,2022,0,520,512,0.84,0.84,0.51,0.49,1.33,1.79
14-08-21,Everton,Southampton,3,1,14,6,6,3,2022,2,337,370,0.69,0.69,0.48,0.52,2.39,0.58
14-08-21,Leicester,Wolverhampton,1,0,9,5,17,3,2022,2,584,443,0.86,0.82,0.57,0.43,0.67,1.33
14-05-21,Aston Villa,Everton,0,0,13,2,15,5,2021,1,502,362,0.83,0.81,0.58,0.42,0.56,0.88
14-05-21,Man United,Liverpool,2,4,18,3,17,8,2021,0,511,454,0.78,0.78,0.54,0.46,1.71,2.94
14-03-22,Crystal Palace,Man City,0,0,7,1,18,4,2022,1,269,765,0.64,0.86,0.26,0.74,0.47,2.04
14-03-21,Southampton,Brighton,1,2,9,4,8,6,2021,0,492,330,0.79,0.68,0.60,0.40,1.03,0.90
14-03-21,Everton,Burnley,1,2,14,4,14,5,2021,0,547,291,0.81,0.68,0.66,0.34,1.70,0.75
14-03-21,Fulham,Man City,0,3,3,0,8,7,2021,0,444,529,0.80,0.84,0.46,0.54,0.45,2.73
14-03-21,Leicester,Sheffield United,5,0,19,10,1,0,2021,2,750,291,0.89,0.71,0.72,0.28,4.55,0.09
14-03-21,Arsenal,Tottenham,2,1,13,3,6,3,2021,2,519,482,0.86,0.82,0.53,0.47,1.57,0.71
14-02-21,Brighton,Aston Villa,0,0,26,9,4,1,2021,1,509,372,0.81,0.75,0.59,0.41,2.33,0.14
14-02-21,Arsenal,Leeds United,4,2,13,5,9,5,2021,2,423,498,0.76,0.79,0.45,0.55,2.51,0.77
14-02-21,West Brom,Man United,1,1,7,3,10,7,2021,1,253,707,0.65,0.86,0.26,0.74,0.95,0.42
14-02-21,Man City,Tottenham,3,0,15,6,7,3,2021,2,698,456,0.90,0.85,0.61,0.39,2.46,0.42
14-02-21,Southampton,Wolverhampton,1,2,7,3,10,4,2021,0,476,448,0.78,0.75,0.52,0.48,0.85,1.09
14-01-22,Brighton,Crystal Palace,1,1,19,4,3,1,2022,1,569,337,0.82,0.72,0.64,0.36,2.18,0.51
14-01-21,Man City,Brighton,1,0,16,6,5,1,2021,2,726,384,0.89,0.77,0.66,0.34,2.91,0.18
14-01-21,Tottenham,Fulham,1,1,15,6,15,4,2021,1,522,467,0.81,0.80,0.53,0.47,3.14,1.05
13-12-20,Everton,Chelsea,1,0,9,4,10,3,2021,2,241,639,0.67,0.84,0.28,0.72,1.22,1.01
13-12-20,Fulham,Liverpool,1,1,10,5,12,6,2021,1,227,707,0.67,0.86,0.24,0.76,1.73,1.82
13-12-20,Man United,Man City,0,0,11,2,9,2,2021,1,502,580,0.85,0.86,0.46,0.54,0.59,1.28
13-12-20,Southampton,Sheffield United,3,0,16,6,3,0,2021,2,572,259,0.85,0.69,0.69,0.31,2.28,0.22
13-12-20,Crystal Palace,Tottenham,1,1,16,5,14,6,2021,1,344,457,0.79,0.79,0.42,0.58,1.84,1.41
13-09-21,Everton,Burnley,3,1,14,6,11,6,2022,2,416,384,0.74,0.67,0.52,0.48,1.80,1.82
13-09-20,Tottenham,Everton,0,1,9,5,15,4,2021,0,552,529,0.85,0.85,0.52,0.48,0.82,1.27
13-09-20,West Brom,Leicester,0,3,7,1,13,7,2021,0,336,604,0.75,0.84,0.35,0.65,0.35,2.96
13-09-20,West Ham,Newcastle,0,2,15,3,15,2,2021,0,474,342,0.82,0.77,0.59,0.41,0.86,1.66
13-08-21,Brentford,Arsenal,2,0,8,3,22,4,2022,2,309,568,0.65,0.85,0.35,0.65,1.98,1.02
13-05-21,Chelsea,Arsenal,0,1,19,5,5,2,2021,0,765,369,0.89,0.79,0.68,0.32,1.57,0.69
13-04-21,Brighton,Everton,0,0,23,3,8,1,2021,1,503,400,0.81,0.77,0.56,0.44,1.16,0.31
13-04-21,West Brom,Southampton,3,0,15,6,14,4,2021,2,285,442,0.67,0.76,0.39,0.61,2.77,1.50
13-03-22,West Ham,Aston Villa,2,1,11,4,13,7,2022,2,443,501,0.82,0.84,0.47,0.53,1.58,1.05
13-03-22,Arsenal,Leicester,2,0,21,8,6,3,2022,2,481,564,0.86,0.87,0.46,0.54,2.94,0.55
13-03-22,Chelsea,Newcastle,1,0,8,3,7,2,2022,2,570,209,0.86,0.62,0.73,0.27,1.07,0.25
13-03-22,Leeds United,Norwich,2,1,13,7,12,4,2022,2,421,382,0.74,0.72,0.53,0.47,3.12,1.40
13-03-22,Southampton,Watford,1,2,13,7,9,5,2022,0,498,306,0.77,0.66,0.63,0.37,1.26,1.29
13-03-22,Everton,Wolverhampton,0,1,8,2,14,3,2022,0,356,597,0.77,0.86,0.38,0.62,0.40,0.71
13-03-21,Newcastle,Aston Villa,1,1,12,3,15,6,2021,1,392,411,0.71,0.75,0.49,0.51,0.87,0.75
13-03-21,Leeds United,Chelsea,0,0,7,4,15,8,2021,1,330,588,0.73,0.83,0.37,0.63,0.38,0.97
13-03-21,Crystal Palace,West Brom,1,0,6,4,12,1,2021,2,324,397,0.67,0.77,0.44,0.56,1.31,0.51
13-02-22,Newcastle,Aston Villa,1,0,10,2,11,1,2022,2,249,424,0.67,0.76,0.37,0.63,0.53,0.46
13-02-22,Burnley,Liverpool,0,1,8,5,12,4,2022,0,303,643,0.65,0.82,0.32,0.68,1.16,1.96
13-02-22,Leicester,West Ham,2,2,13,2,8,3,2022,1,550,433,0.82,0.79,0.56,0.44,1.41,0.75
13-02-22,Tottenham,Wolverhampton,0,2,17,7,11,7,2022,0,572,412,0.83,0.75,0.59,0.41,0.84,1.87
13-02-21,Crystal Palace,Burnley,0,3,13,3,16,4,2021,0,427,390,0.76,0.72,0.54,0.46,0.65,1.96
13-02-21,Leicester,Liverpool,3,1,11,6,15,4,2021,2,357,561,0.69,0.82,0.38,0.62,2.07,1.68
13-01-21,Wolverhampton,Everton,1,2,12,3,5,3,2021,0,558,500,0.91,0.88,0.53,0.47,0.85,0.32
13-01-21,Burnley,Man United,0,1,11,0,13,7,2021,0,334,566,0.65,0.83,0.37,0.63,0.65,1.24
13-01-21,Sheffield United,Newcastle,1,0,17,4,7,3,2021,2,559,283,0.86,0.68,0.67,0.33,2.01,1.05
12-05-22,Tottenham,Arsenal,3,0,16,6,8,4,2022,2,561,412,0.89,0.85,0.58,0.42,3.43,0.39
12-03-22,Brentford,Burnley,2,0,13,4,7,1,2022,2,475,373,0.68,0.63,0.55,0.45,1.82,0.83
12-03-22,Brighton,Liverpool,0,2,8,3,18,9,2022,0,430,401,0.78,0.78,0.52,0.48,0.63,2.48
12-03-22,Man United,Tottenham,3,2,10,6,10,3,2022,2,459,584,0.85,0.89,0.43,0.57,1.02,1.62
12-02-22,Watford,Brighton,0,2,9,1,11,6,2022,0,315,592,0.68,0.79,0.35,0.65,0.53,1.80
12-02-22,Brentford,Crystal Palace,0,0,9,2,6,3,2022,1,377,504,0.68,0.77,0.42,0.58,1.98,0.50
12-02-22,Everton,Leeds United,3,0,21,10,7,0,2022,2,344,467,0.74,0.80,0.41,0.59,2.59,0.24
12-02-22,Norwich,Man City,0,4,8,3,22,9,2022,0,281,707,0.75,0.90,0.28,0.72,0.36,4.45
12-02-22,Man United,Southampton,1,1,12,8,13,4,2022,1,469,430,0.81,0.80,0.53,0.47,2.99,0.68
12-01-22,West Ham,Norwich,2,0,13,5,7,3,2022,2,550,337,0.84,0.74,0.62,0.38,2.89,0.34
11-05-22,Leeds United,Chelsea,0,3,5,0,17,4,2022,0,379,817,0.78,0.90,0.32,0.68,0.50,1.47
11-05-22,Watford,Everton,0,0,6,0,16,5,2022,1,470,488,0.81,0.79,0.48,0.52,0.23,0.81
11-05-22,Wolverhampton,Man City,1,5,7,3,16,5,2022,0,383,787,0.83,0.91,0.33,0.67,0.41,3.39
11-05-22,Leicester,Norwich,3,0,20,8,9,5,2022,2,640,354,0.89,0.80,0.65,0.35,2.57,1.22
11-01-22,Southampton,Brentford,4,1,12,6,5,4,2022,2,407,428,0.74,0.73,0.48,0.52,1.59,0.62
10-05-22,Aston Villa,Liverpool,1,2,9,4,17,6,2022,0,343,530,0.75,0.83,0.39,0.61,1.45,1.75
10-04-22,Norwich,Burnley,2,0,17,6,18,4,2022,2,352,412,0.65,0.68,0.44,0.56,1.67,1.45
10-04-22,Leicester,Crystal Palace,2,1,12,3,11,3,2022,2,511,495,0.83,0.83,0.51,0.49,0.88,1.53
10-04-22,Man City,Liverpool,2,2,11,5,6,4,2022,1,566,468,0.85,0.80,0.56,0.44,1.35,1.30
10-04-22,Brentford,West Ham,2,0,15,7,5,1,2022,2,477,540,0.83,0.84,0.47,0.53,1.86,0.24
10-03-22,Leeds United,Aston Villa,0,3,4,1,15,9,2022,0,419,405,0.78,0.83,0.51,0.49,0.19,1.27
10-03-22,Norwich,Chelsea,1,3,9,3,15,7,2022,0,353,712,0.82,0.91,0.33,0.67,0.97,2.13
10-03-22,Southampton,Newcastle,1,2,14,5,8,4,2022,0,648,306,0.84,0.68,0.68,0.32,1.80,0.81
10-03-22,Wolverhampton,Watford,4,0,10,5,9,0,2022,2,666,343,0.88,0.78,0.66,0.34,1.55,0.55
10-02-22,Wolverhampton,Arsenal,0,1,15,4,12,2,2022,0,481,356,0.81,0.76,0.59,0.41,0.64,1.45
10-02-22,Liverpool,Leicester,2,0,22,11,5,1,2022,2,665,362,0.84,0.70,0.65,0.35,2.73,0.54
09-04-22,Arsenal,Brighton,1,2,20,4,8,3,2022,0,512,283,0.83,0.71,0.65,0.35,2.35,0.60
09-04-22,Southampton,Chelsea,0,6,4,1,24,14,2022,0,292,748,0.74,0.88,0.29,0.71,0.56,4.40
09-04-22,Watford,Leeds United,0,3,8,1,10,5,2022,0,380,412,0.66,0.63,0.48,0.52,1.07,0.90
09-04-22,Everton,Man United,1,0,7,3,12,4,2022,2,307,641,0.66,0.81,0.32,0.68,0.36,0.76
09-04-22,Aston Villa,Tottenham,0,4,9,8,11,5,2022,0,477,461,0.88,0.87,0.52,0.48,1.49,0.98
09-02-22,Man City,Brentford,2,0,15,7,6,2,2022,2,709,227,0.88,0.59,0.76,0.24,1.98,0.46
09-02-22,Norwich,Crystal Palace,1,1,5,1,13,5,2022,1,256,670,0.62,0.85,0.28,0.72,0.30,1.23
09-02-22,Aston Villa,Leeds United,3,3,12,4,16,8,2022,1,302,456,0.74,0.82,0.39,0.61,1.50,2.53
09-02-22,Tottenham,Southampton,2,3,8,3,23,10,2022,0,433,472,0.80,0.81,0.47,0.53,1.74,1.73
08-05-22,Leicester,Everton,1,2,16,9,10,4,2022,0,631,332,0.86,0.71,0.66,0.34,1.47,1.56
08-05-22,Arsenal,Leeds United,2,1,19,9,3,2,2022,2,621,364,0.89,0.78,0.64,0.36,2.72,0.70
08-05-22,Man City,Newcastle,5,0,21,9,7,3,2022,2,712,281,0.90,0.76,0.72,0.28,4.06,1.00
08-05-22,Norwich,West Ham,0,4,8,2,13,5,2022,0,384,679,0.85,0.90,0.36,0.64,0.78,3.26
08-04-22,Newcastle,Wolverhampton,1,0,12,4,5,2,2022,2,378,546,0.81,0.82,0.41,0.59,1.44,0.31
08-02-22,Newcastle,Everton,3,1,20,9,11,3,2022,2,292,454,0.65,0.77,0.39,0.61,2.69,0.82
08-02-22,Burnley,Man United,1,1,9,3,22,5,2022,1,288,518,0.67,0.81,0.35,0.65,0.77,1.83
08-02-22,West Ham,Watford,1,0,9,3,6,1,2022,2,609,335,0.80,0.70,0.65,0.35,0.91,0.34
07-05-22,Burnley,Aston Villa,1,3,14,6,12,7,2022,0,424,446,0.78,0.79,0.49,0.51,1.31,1.81
07-05-22,Brighton,Man United,4,0,17,6,15,5,2022,2,373,526,0.78,0.84,0.42,0.58,2.83,0.93
07-05-22,Brentford,Southampton,3,0,18,5,19,4,2022,2,321,470,0.71,0.80,0.40,0.60,3.68,0.99
07-05-22,Liverpool,Tottenham,1,1,22,3,8,3,2022,1,618,338,0.85,0.74,0.65,0.35,1.05,0.98
07-05-22,Crystal Palace,Watford,1,0,15,7,6,1,2022,2,533,248,0.85,0.69,0.68,0.32,2.49,0.26
07-05-22,Chelsea,Wolverhampton,2,2,19,6,14,4,2022,1,493,332,0.85,0.78,0.60,0.40,1.82,1.68
07-03-22,Tottenham,Everton,5,0,14,7,6,0,2022,2,650,530,0.89,0.86,0.55,0.45,3.24,0.21
06-04-22,Burnley,Everton,3,2,13,4,16,4,2022,2,337,324,0.65,0.63,0.51,0.49,2.24,2.32
06-03-22,Watford,Arsenal,2,3,13,7,16,4,2022,0,428,556,0.76,0.84,0.43,0.57,1.30,1.00
06-03-22,Man City,Man United,4,1,24,10,5,2,2022,2,754,331,0.92,0.83,0.70,0.30,2.74,0.36
05-03-22,Norwich,Brentford,1,3,15,7,10,6,2022,0,457,308,0.77,0.69,0.60,0.40,0.77,2.22
05-03-22,Newcastle,Brighton,2,1,10,4,15,4,2022,2,304,634,0.62,0.82,0.32,0.68,1.58,1.65
05-03-22,Burnley,Chelsea,0,4,6,1,11,5,2022,0,285,790,0.68,0.90,0.27,0.73,0.85,2.29
05-03-22,Wolverhampton,Crystal Palace,0,2,12,5,12,8,2022,0,561,308,0.81,0.73,0.64,0.36,0.71,2.54
05-03-22,Leicester,Leeds United,1,0,7,4,19,4,2022,2,471,433,0.79,0.80,0.51,0.49,0.36,2.14
05-03-22,Aston Villa,Southampton,4,0,14,9,11,1,2022,2,353,556,0.73,0.84,0.38,0.62,2.85,1.33
05-03-22,Liverpool,West Ham,1,0,22,5,13,5,2022,2,715,316,0.86,0.73,0.69,0.31,2.19,1.34
05-02-22,Burnley,Watford,0,0,13,2,11,5,2022,1,391,359,0.69,0.68,0.52,0.48,0.77,0.93
04-04-22,Crystal Palace,Arsenal,3,0,6,5,12,3,2022,2,293,647,0.70,0.86,0.31,0.69,1.40,1.05
03-04-22,West Ham,Everton,2,1,11,5,13,2,2022,2,529,407,0.83,0.82,0.56,0.44,1.50,0.66
03-04-22,Tottenham,Newcastle,5,1,19,6,8,1,2022,2,604,379,0.90,0.85,0.61,0.39,3.61,0.54
03-01-22,Man United,Wolverhampton,0,1,9,2,19,6,2022,0,488,457,0.80,0.81,0.52,0.48,0.77,0.84
02-05-22,Man United,Brentford,3,0,9,5,12,4,2022,2,714,376,0.91,0.82,0.65,0.35,1.84,0.68
02-04-22,Wolverhampton,Aston Villa,2,1,11,5,15,5,2022,2,421,441,0.80,0.84,0.48,0.52,1.62,1.91
02-04-22,Chelsea,Brentford,1,4,21,8,17,6,2022,0,641,260,0.90,0.71,0.71,0.29,1.29,2.43
02-04-22,Man United,Leicester,1,1,11,5,11,3,2022,1,582,495,0.85,0.84,0.54,0.46,0.90,1.08
02-04-22,Burnley,Man City,0,2,3,1,18,6,2022,0,235,778,0.67,0.89,0.23,0.77,0.06,1.62
02-04-22,Brighton,Norwich,0,0,31,4,6,0,2022,1,478,288,0.81,0.66,0.63,0.37,2.38,0.49
02-04-22,Leeds United,Southampton,1,1,12,3,14,6,2022,1,470,360,0.70,0.65,0.56,0.44,1.51,2.06
02-04-22,Liverpool,Watford,2,0,20,3,5,2,2022,2,716,263,0.84,0.63,0.74,0.26,2.24,0.75
02-01-22,Brentford,Aston Villa,2,1,10,4,16,5,2022,2,400,491,0.74,0.81,0.45,0.55,0.50,1.14
02-01-22,Everton,Brighton,2,3,17,6,12,5,2022,0,399,425,0.72,0.72,0.49,0.51,1.83,1.48
02-01-22,Leeds United,Burnley,3,1,22,7,8,2,2022,2,360,297,0.70,0.59,0.56,0.44,2.04,0.96
02-01-22,Chelsea,Liverpool,2,2,15,6,10,6,2022,1,574,463,0.82,0.76,0.56,0.44,1.39,1.79
01-05-22,West Ham,Arsenal,1,2,8,3,13,7,2022,0,586,454,0.85,0.83,0.57,0.43,0.45,0.96
01-05-22,Everton,Chelsea,1,0,9,4,17,5,2022,2,197,720,0.58,0.88,0.21,0.79,1.12,1.21
01-05-22,Tottenham,Leicester,3,1,13,7,6,2,2022,2,404,627,0.80,0.86,0.39,0.61,1.65,0.27
01-03-22,Burnley,Leicester,0,2,9,2,22,6,2022,0,352,443,0.65,0.71,0.44,0.56,1.04,1.80
01-01-22,Arsenal,Man City,1,2,7,2,15,2,2022,0,249,644,0.71,0.88,0.28,0.72,0.84,1.95
01-01-22,Watford,Tottenham,0,1,6,4,21,9,2022,0,251,715,0.66,0.88,0.25,0.75,0.30,1.94
01-01-22,Crystal Palace,West Ham,2,3,22,6,10,5,2022,0,558,339,0.87,0.72,0.63,0.37,2.69,2.23
12-12-21,Crystal Palace,Everton,3,1,17,6,12,6,2022,2,487,306,0.83,0.70,0.62,0.38,2.10,1.28
12-12-21,Leicester,Newcastle,4,0,8,5,12,3,2022,2,400,431,0.79,0.79,0.47,0.53,2.08,0.51
12-12-21,Burnley,West Ham,0,0,9,1,16,3,2022,1,310,471,0.64,0.74,0.40,0.60,0.55,1.00
12-09-21,Leeds United,Liverpool,0,3,9,4,30,9,2022,0,404,524,0.81,0.86,0.44,0.56,0.65,4.40
12-05-21,Southampton,Crystal Palace,3,1,13,6,11,4,2021,2,531,311,0.87,0.76,0.63,0.37,1.59,1.33
12-05-21,Man United,Leicester,1,2,4,1,12,3,2021,0,561,491,0.82,0.82,0.54,0.46,0.21,0.99
12-04-21,Sheffield United,Arsenal,0,3,7,2,14,5,2021,0,469,577,0.84,0.89,0.45,0.55,0.32,1.94
11-12-21,Liverpool,Aston Villa,1,0,20,5,4,0,2022,2,551,329,0.82,0.70,0.63,0.37,2.71,0.14
11-12-21,Chelsea,Leeds United,3,2,16,6,12,5,2022,2,415,304,0.83,0.73,0.58,0.42,2.75,1.73
11-12-21,Norwich,Man United,0,1,11,5,13,5,2022,0,440,501,0.77,0.81,0.47,0.53,0.99,2.10
11-12-21,Arsenal,Southampton,3,0,15,5,11,6,2022,2,507,320,0.79,0.74,0.62,0.38,2.08,0.50
11-12-21,Man City,Wolverhampton,1,0,24,10,2,1,2022,2,746,310,0.91,0.74,0.71,0.29,3.00,0.08
11-09-21,Chelsea,Aston Villa,3,0,12,4,18,6,2022,2,476,344,0.83,0.78,0.57,0.43,1.22,1.17
11-09-21,Brentford,Brighton,0,1,7,1,4,2,2022,0,336,496,0.74,0.79,0.41,0.59,0.73,0.29
11-09-21,Leicester,Man City,0,1,6,1,25,8,2022,0,364,557,0.81,0.89,0.39,0.61,0.80,2.75
11-09-21,Man United,Newcastle,4,1,21,7,12,3,2022,2,644,365,0.90,0.81,0.65,0.35,2.77,0.62
11-09-21,Arsenal,Norwich,1,0,30,7,10,1,2022,2,437,408,0.83,0.78,0.52,0.48,2.69,0.58
11-09-21,Crystal Palace,Tottenham,3,0,18,4,2,1,2022,2,498,314,0.82,0.73,0.63,0.37,2.89,0.08
11-09-21,Southampton,West Ham,0,0,11,3,13,3,2022,1,390,541,0.79,0.86,0.41,0.59,0.69,0.73
11-09-21,Watford,Wolverhampton,0,2,6,2,14,5,2022,0,370,485,0.82,0.88,0.44,0.56,0.19,2.56
11-05-21,Fulham,Burnley,0,2,21,3,14,5,2021,0,521,253,0.75,0.47,0.68,0.32,0.78,1.66
11-04-21,West Ham,Leicester,3,2,4,4,15,5,2021,2,365,629,0.36,0.73,0.83,0.17,1.02,1.17
11-04-21,Tottenham,Man United,1,3,12,3,12,7,2021,0,439,503,0.81,0.83,0.46,0.54,0.92,2.10
11-04-21,Burnley,Newcastle,1,2,24,4,10,5,2021,0,445,342,0.77,0.66,0.58,0.42,1.84,1.34
11-03-21,Man City,Southampton,5,2,17,10,11,6,2021,2,673,481,0.91,0.83,0.59,0.41,3.11,1.61
10-12-21,Brentford,Watford,2,1,14,5,6,2,2022,2,472,281,0.74,0.58,0.64,0.36,1.83,0.56
10-05-21,Arsenal,West Brom,3,1,15,7,12,1,2021,2,576,288,0.86,0.72,0.66,0.34,1.07,1.83
10-04-21,Liverpool,Aston Villa,2,1,23,10,9,5,2021,2,577,296,0.83,0.68,0.67,0.33,2.15,0.76
10-04-21,Crystal Palace,Chelsea,1,4,1,1,23,10,2021,0,434,782,0.77,0.89,0.35,0.65,0.60,3.85
10-04-21,Man City,Leeds United,1,2,29,7,2,2,2021,0,621,252,0.89,0.68,0.72,0.28,1.99,0.18
10-04-21,Fulham,Wolverhampton,0,1,14,3,7,3,2021,0,439,452,0.84,0.83,0.49,0.51,0.73,0.43
09-05-21,Wolverhampton,Brighton,2,1,16,6,5,3,2021,2,569,373,0.88,0.82,0.61,0.39,1.12,0.28
09-05-21,West Ham,Everton,0,1,11,0,9,3,2021,0,606,278,0.90,0.74,0.69,0.31,1.10,1.56
09-05-21,Aston Villa,Man United,1,3,11,5,18,7,2021,0,383,563,0.80,0.85,0.41,0.59,0.57,1.89
09-05-21,Liverpool,Southampton,2,0,14,6,12,6,2021,2,557,480,0.87,0.83,0.55,0.45,2.26,1.23
09-03-21,Chelsea,Everton,2,0,19,9,7,1,2021,2,713,369,0.89,0.80,0.66,0.34,2.57,0.27
09-03-21,West Ham,Leeds United,2,0,16,5,17,2,2021,2,276,528,0.68,0.83,0.34,0.66,2.38,1.35
09-02-21,Leeds United,Crystal Palace,2,0,17,7,8,3,2021,2,714,332,0.87,0.76,0.69,0.31,2.65,0.37
08-05-21,Man City,Chelsea,1,2,16,4,12,5,2021,0,537,580,0.91,0.90,0.48,0.52,1.79,0.62
08-05-21,Sheffield United,Crystal Palace,0,2,7,0,21,8,2021,0,412,423,0.80,0.78,0.49,0.51,0.64,2.25
08-05-21,Leicester,Newcastle,2,4,25,9,14,6,2021,0,596,274,0.86,0.71,0.69,0.31,2.31,2.87
08-05-21,Leeds United,Tottenham,3,1,16,7,11,3,2021,2,442,395,0.79,0.74,0.54,0.46,2.55,1.03
08-03-21,Tottenham,Crystal Palace,4,1,12,5,5,1,2021,2,690,373,0.87,0.75,0.65,0.35,2.24,0.56
08-02-21,Sheffield United,Chelsea,1,2,8,3,9,3,2021,0,338,756,0.72,0.86,0.31,0.69,0.62,1.64
07-11-21,Leeds United,Leicester,1,1,18,5,9,3,2022,1,431,356,0.77,0.71,0.56,0.44,1.97,0.80
07-11-21,West Ham,Liverpool,3,2,7,3,16,5,2022,2,299,683,0.70,0.86,0.30,0.70,1.25,1.46
07-11-21,Everton,Tottenham,0,0,12,2,8,0,2022,1,428,534,0.80,0.84,0.44,0.56,0.60,0.80
07-11-21,Arsenal,Watford,1,0,14,6,7,1,2022,2,488,316,0.83,0.72,0.61,0.39,1.49,0.49
07-03-21,Liverpool,Fulham,0,1,16,3,10,3,2021,0,708,414,0.83,0.77,0.64,0.36,0.70,1.37
07-03-21,Brighton,Leicester,1,2,7,2,8,4,2021,0,340,616,0.75,0.84,0.36,0.64,0.75,1.04
07-03-21,Man City,Man United,0,0,23,6,8,6,2021,1,715,374,0.89,0.78,0.66,0.34,1.28,2.11
07-03-21,West Brom,Newcastle,0,0,13,3,9,5,2021,1,396,365,0.74,0.67,0.53,0.47,1.47,0.45
07-03-21,Aston Villa,Wolverhampton,0,0,9,1,10,2,2021,1,410,424,0.77,0.82,0.49,0.51,0.96,2.15
07-02-21,Man United,Everton,3,3,14,5,6,3,2021,1,653,397,0.89,0.81,0.62,0.38,1.72,1.56
07-02-21,Wolverhampton,Leicester,0,0,13,1,13,3,2021,1,429,567,0.81,0.86,0.43,0.57,1.36,0.63
07-02-21,Liverpool,Man City,1,4,8,3,8,5,2021,0,649,519,0.88,0.85,0.56,0.44,1.18,3.55
07-02-21,Tottenham,West Brom,2,0,13,6,4,1,2021,2,589,303,0.86,0.71,0.66,0.34,1.93,0.70
07-02-21,Fulham,West Ham,0,0,20,2,8,1,2021,1,550,354,0.84,0.72,0.61,0.39,1.61,0.94
06-12-21,Everton,Arsenal,2,1,11,5,10,3,2022,2,329,588,0.69,0.82,0.36,0.64,1.06,1.06
06-11-21,Chelsea,Burnley,1,1,25,4,5,2,2022,1,660,285,0.86,0.69,0.70,0.30,3.01,0.67
06-11-21,Man United,Man City,0,2,5,1,16,5,2022,0,400,832,0.81,0.91,0.32,0.68,0.76,2.04
06-11-21,Brighton,Newcastle,1,1,14,5,6,1,2022,1,654,326,0.90,0.79,0.66,0.34,1.43,0.23
06-11-21,Brentford,Norwich,1,2,19,7,9,5,2022,0,559,313,0.77,0.67,0.65,0.35,2.79,1.16
06-11-21,Crystal Palace,Wolverhampton,2,0,13,6,4,2,2022,2,547,360,0.83,0.74,0.60,0.40,2.65,0.25
06-04-21,Everton,Crystal Palace,1,1,15,7,13,6,2021,2,459,512,0.80,0.83,0.47,0.53,2.53,0.60
06-04-21,Wolverhampton,West Ham,2,3,20,5,9,6,2021,0,628,322,0.87,0.74,0.67,0.33,1.96,1.60
06-03-21,Burnley,Arsenal,1,1,9,5,15,3,2021,1,419,595,0.72,0.82,0.41,0.59,1.10,2.54
06-03-21,Sheffield United,Southampton,0,2,8,2,15,7,2021,0,393,390,0.69,0.75,0.51,0.49,0.91,2.37
06-02-21,Aston Villa,Arsenal,1,0,12,8,14,3,2021,2,316,597,0.73,0.87,0.33,0.67,1.20,0.68
06-02-21,Burnley,Brighton,1,1,20,7,10,2,2021,1,444,379,0.79,0.75,0.55,0.45,1.89,0.61
06-02-21,Newcastle,Southampton,3,2,6,4,14,5,2021,1,221,610,0.57,0.84,0.26,0.74,0.91,1.43
05-12-21,Leeds United,Brentford,2,2,13,6,9,3,2022,1,510,308,0.79,0.68,0.64,0.36,1.42,1.20
05-12-21,Man United,Crystal Palace,1,0,16,3,8,2,2022,2,530,331,0.82,0.71,0.62,0.38,0.87,0.52
05-12-21,Aston Villa,Leicester,2,1,13,4,12,5,2022,2,359,524,0.75,0.80,0.41,0.59,1.85,0.98
05-12-21,Tottenham,Norwich,3,0,17,7,10,1,2022,2,459,667,0.85,0.88,0.40,0.60,2.01,1.07
05-11-21,Southampton,Aston Villa,1,0,9,3,14,3,2022,2,431,327,0.80,0.71,0.57,0.43,0.90,0.54
05-04-21,Man United,Brighton,2,1,15,7,5,3,2021,2,604,436,0.84,0.77,0.58,0.42,1.73,1.41
05-03-21,Liverpool,Chelsea,0,1,7,1,11,5,2021,0,656,549,0.87,0.85,0.55,0.45,0.25,1.23
05-03-21,West Brom,Everton,0,1,11,3,11,3,2021,0,450,500,0.80,0.81,0.48,0.52,1.02,1.41
05-03-21,Fulham,Tottenham,0,1,11,3,9,2,2021,0,544,378,0.82,0.72,0.60,0.40,1.17,1.55
05-02-21,Tottenham,Chelsea,0,1,7,2,16,2,2021,0,457,630,0.81,0.88,0.42,0.58,0.57,2.39
05-01-21,Southampton,Liverpool,1,0,7,3,17,1,2021,2,352,675,0.66,0.80,0.33,0.67,0.50,1.37
04-12-21,Southampton,Brighton,1,1,14,4,14,4,2022,1,314,410,0.65,0.69,0.44,0.56,1.34,1.49
04-12-21,Newcastle,Burnley,1,0,19,4,10,1,2022,2,322,356,0.66,0.71,0.47,0.53,1.71,0.60
04-12-21,West Ham,Chelsea,3,2,11,5,19,7,2022,2,335,588,0.74,0.86,0.36,0.64,2.02,1.37
04-12-21,Wolverhampton,Liverpool,0,1,3,1,17,5,2022,0,320,641,0.70,0.84,0.32,0.68,0.10,2.42
04-12-21,Watford,Man City,1,3,11,4,26,13,2022,0,239,830,0.65,0.91,0.22,0.78,0.68,4.03
04-05-21,Burnley,West Ham,1,2,8,3,22,4,2021,0,426,544,0.71,0.78,0.44,0.56,1.68,2.42
04-05-21,West Brom,Wolverhampton,1,1,10,4,20,10,2021,1,339,467,0.72,0.77,0.42,0.58,1.07,0.84
04-04-21,Southampton,Burnley,3,2,24,9,7,5,2021,2,424,352,0.76,0.69,0.54,0.46,2.40,1.50
04-04-21,Aston Villa,Fulham,3,1,14,4,15,7,2021,2,418,384,0.79,0.75,0.53,0.47,1.52,1.52
04-04-21,Arsenal,Liverpool,0,3,3,2,16,7,2021,0,395,703,0.75,0.86,0.35,0.65,0.16,2.44
04-04-21,Newcastle,Tottenham,2,2,22,6,11,5,2021,1,348,521,0.73,0.81,0.41,0.59,3.30,2.44
04-03-21,Sheffield United,Aston Villa,1,0,9,2,16,4,2021,2,263,641,0.69,0.84,0.28,0.72,0.72,1.44
04-03-21,Burnley,Leicester,1,1,12,7,16,4,2021,1,351,571,0.70,0.82,0.38,0.62,1.27,1.24
04-03-21,Crystal Palace,Man United,0,0,8,2,11,1,2021,1,353,600,0.78,0.86,0.37,0.63,0.74,0.58
04-02-21,Liverpool,Brighton,0,1,11,1,13,4,2021,0,697,404,0.85,0.74,0.64,0.36,1.10,1.19
04-02-21,Leeds United,Everton,1,2,16,7,10,6,2021,0,561,331,0.82,0.75,0.64,0.36,1.14,1.92
04-02-21,Fulham,Leicester,0,2,8,1,9,5,2021,0,598,447,0.83,0.76,0.58,0.42,0.73,1.71
04-02-21,Burnley,Man City,0,2,2,0,13,6,2021,0,271,804,0.73,0.91,0.25,0.75,0.05,2.12
04-02-21,Aston Villa,West Ham,1,3,9,2,20,10,2021,0,480,376,0.82,0.77,0.57,0.43,0.74,1.79
03-10-21,Tottenham,Aston Villa,2,1,17,8,14,3,2022,2,438,318,0.79,0.71,0.57,0.43,1.78,1.07
03-10-21,West Ham,Brentford,1,2,18,5,13,6,2022,0,424,286,0.72,0.64,0.60,0.40,1.37,1.30
03-10-21,Crystal Palace,Leicester,2,2,18,4,9,5,2022,1,557,382,0.80,0.68,0.60,0.40,1.17,1.04
03-10-21,Liverpool,Man City,2,2,6,4,12,3,2022,1,501,529,0.84,0.83,0.48,0.52,0.95,1.04
03-05-21,Tottenham,Sheffield United,4,0,20,11,8,1,2021,2,715,356,0.90,0.77,0.66,0.34,2.26,0.47
03-04-21,Leicester,Man City,0,2,5,2,11,4,2021,0,452,571,0.82,0.87,0.43,0.57,0.28,1.98
03-04-21,Leeds United,Sheffield United,2,1,23,8,9,1,2021,2,491,410,0.78,0.75,0.55,0.45,2.51,0.87
03-04-21,Chelsea,West Brom,2,5,18,8,14,7,2021,0,581,297,0.85,0.74,0.67,0.33,2.56,1.38
03-03-21,Man City,Wolverhampton,4,1,22,10,6,1,2021,2,798,309,0.92,0.83,0.73,0.27,3.28,0.32
03-02-21,Wolverhampton,Arsenal,2,1,11,7,9,3,2021,2,576,488,0.90,0.89,0.56,0.44,1.56,0.72
03-02-21,Newcastle,Crystal Palace,1,2,21,5,6,3,2021,0,610,397,0.84,0.76,0.62,0.38,1.91,0.81
03-02-21,Man United,Southampton,9,0,24,14,3,1,2021,2,626,215,0.88,0.65,0.75,0.25,5.03,0.51
03-02-21,Sheffield United,West Brom,2,1,14,6,8,4,2021,2,593,268,0.83,0.64,0.69,0.31,1.36,1.62
03-01-21,West Brom,Arsenal,0,4,7,3,21,12,2021,0,374,623,0.74,0.82,0.38,0.62,0.87,4.03
03-01-21,Newcastle,Leicester,1,2,8,2,9,3,2021,0,371,492,0.70,0.80,0.43,0.57,0.26,0.70
03-01-21,Chelsea,Man City,1,3,9,2,18,6,2021,0,654,554,0.90,0.88,0.55,0.45,1.69,3.18
03-01-21,Brighton,Wolverhampton,3,3,13,4,11,4,2020,1,548,461,0.86,0.82,0.55,0.45,2.42,1.82
02-12-21,Man United,Arsenal,3,2,14,10,17,8,2022,2,431,526,0.82,0.83,0.44,0.56,1.86,1.17
02-12-21,Tottenham,Brentford,2,0,11,6,6,2,2022,2,464,521,0.76,0.79,0.47,0.53,2.07,0.23
02-10-21,Brighton,Arsenal,0,0,21,2,8,2,2022,1,497,355,0.84,0.75,0.59,0.41,1.16,0.36
02-10-21,Man United,Everton,1,1,13,6,12,2,2022,1,700,268,0.86,0.68,0.72,0.28,1.05,1.32
02-10-21,Wolverhampton,Newcastle,2,1,7,3,8,2,2022,2,460,406,0.84,0.79,0.52,0.48,1.16,0.87
02-10-21,Burnley,Norwich,0,0,14,4,10,2,2022,1,432,356,0.76,0.73,0.57,0.43,0.58,0.67
02-10-21,Chelsea,Southampton,3,1,20,9,6,2,2022,2,546,344,0.85,0.75,0.62,0.38,3.79,1.53
02-10-21,Leeds United,Watford,1,0,20,4,5,1,2022,2,497,242,0.81,0.64,0.67,0.33,1.57,0.19
02-05-21,Newcastle,Arsenal,0,2,5,1,19,5,2021,0,396,641,0.87,0.90,0.38,0.62,0.17,1.79
02-05-21,Everton,Aston Villa,1,2,16,3,13,5,2021,0,421,469,0.81,0.81,0.47,0.53,1.22,1.59
02-03-21,Everton,Southampton,1,0,7,1,9,1,2021,2,410,462,0.74,0.77,0.46,0.54,1.42,0.67
02-01-21,Man United,Aston Villa,2,1,19,9,15,5,2021,2,407,417,0.82,0.79,0.48,0.52,2.46,1.56
02-01-21,Tottenham,Leeds United,3,0,20,7,18,5,2021,2,347,591,0.75,0.84,0.36,0.64,2.53,1.16
02-01-21,Crystal Palace,Sheffield United,2,0,9,4,7,2,2021,2,414,510,0.71,0.80,0.44,0.56,0.60,0.32
02-01-21,Everton,West Ham,0,1,10,2,11,5,2021,0,589,392,0.83,0.76,0.60,0.40,0.37,1.20
01-12-21,West Ham,Brighton,1,1,14,6,9,3,2022,1,271,540,0.72,0.85,0.34,0.66,1.15,1.26
01-12-21,Wolverhampton,Burnley,0,0,16,2,6,1,2022,1,589,306,0.79,0.66,0.66,0.34,0.71,0.20
01-12-21,Watford,Chelsea,1,2,13,6,8,4,2022,0,399,422,0.69,0.72,0.49,0.51,0.99,0.91
01-12-21,Southampton,Leicester,2,2,15,7,15,6,2022,1,356,443,0.68,0.74,0.44,0.56,1.91,1.44
01-12-21,Everton,Liverpool,1,4,8,2,16,7,2022,0,269,599,0.62,0.81,0.31,0.69,0.51,2.86
01-12-21,Aston Villa,Man City,1,2,9,3,17,7,2022,0,333,611,0.80,0.89,0.36,0.64,0.77,1.02
01-11-21,Wolverhampton,Everton,2,1,10,4,14,5,2022,2,617,373,0.84,0.75,0.62,0.38,1.69,1.70
01-05-21,Chelsea,Fulham,2,0,9,5,10,3,2021,2,511,521,0.85,0.85,0.48,0.52,2.84,0.29
01-05-21,Brighton,Leeds United,2,0,17,5,11,2,2021,2,351,466,0.80,0.82,0.41,0.59,2.53,0.51
01-05-21,Southampton,Leicester,1,1,5,3,23,9,2021,1,272,633,0.65,0.84,0.29,0.71,0.95,2.52
01-05-21,Crystal Palace,Man City,0,2,9,4,20,3,2021,0,294,696,0.73,0.87,0.30,0.70,0.36,2.04
01-03-21,Sheffield United,Liverpool,0,2,8,2,16,8,2021,0,406,638,0.74,0.83,0.39,0.61,0.78,2.81
01-02-21,Brighton,Tottenham,1,0,16,5,8,4,2021,2,407,556,0.80,0.81,0.43,0.57,1.77,0.37
12-12-20,Wolverhampton,Aston Villa,0,1,16,7,13,2,2021,0,348,331,0.76,0.76,0.51,0.49,1.14,1.27
12-12-20,Newcastle,West Brom,2,1,12,7,13,3,2021,2,401,484,0.80,0.80,0.45,0.55,0.90,0.57
12-12-20,Leeds United,West Ham,1,2,13,7,19,8,2021,0,544,297,0.85,0.69,0.64,0.36,1.57,1.79
12-09-20,Fulham,Arsenal,0,3,5,2,13,6,2021,0,523,626,0.88,0.89,0.45,0.55,0.13,2.16
12-09-20,Liverpool,Leeds United,4,3,22,6,6,3,2021,2,432,459,0.75,0.75,0.48,0.52,3.15,0.27
12-09-20,Crystal Palace,Southampton,1,0,5,3,9,5,2021,2,236,580,0.51,0.78,0.29,0.71,1.40,1.26
09-11-20,Arsenal,Aston Villa,0,3,13,2,15,6,2021,0,538,378,0.85,0.77,0.59,0.41,1.39,1.99
08-12-20,Brighton,Southampton,1,2,12,4,10,3,2021,0,377,420,0.73,0.75,0.47,0.53,2.03,1.35
08-11-20,West Ham,Fulham,1,0,16,7,13,3,2021,2,506,460,0.88,0.83,0.53,0.47,1.43,1.85
08-11-20,Man City,Liverpool,1,1,7,2,10,3,2021,1,555,459,0.85,0.81,0.55,0.45,1.58,1.19
08-11-20,Chelsea,Sheffield United,4,1,20,9,6,3,2021,2,762,320,0.87,0.69,0.71,0.29,2.88,0.74
08-11-20,West Brom,Tottenham,0,1,12,2,19,5,2021,0,340,508,0.66,0.78,0.41,0.59,0.80,1.87
08-11-20,Leicester,Wolverhampton,1,0,10,3,8,2,2021,2,492,505,0.82,0.82,0.49,0.51,2.05,0.58
07-12-20,Liverpool,Wolverhampton,4,0,11,6,9,3,2021,2,626,395,0.90,0.84,0.61,0.39,1.59,0.36
07-11-20,Brighton,Burnley,0,0,19,3,4,1,2021,1,530,376,0.82,0.75,0.59,0.41,1.59,0.33
07-11-20,Crystal Palace,Leeds United,4,1,10,6,9,3,2021,2,332,599,0.73,0.82,0.35,0.65,1.30,0.85
07-11-20,Everton,Man United,1,3,7,1,13,5,2021,0,523,453,0.84,0.81,0.66,0.34,0.38,1.60
07-11-20,Southampton,Newcastle,2,0,15,8,2,0,2021,2,561,360,0.82,0.75,0.61,0.39,0.99,0.18
06-12-20,Tottenham,Arsenal,2,0,5,3,11,2,2021,2,288,632,0.67,0.86,0.30,0.70,0.39,0.60
06-12-20,West Brom,Crystal Palace,1,5,9,4,18,7,2021,0,495,495,0.86,0.88,0.51,0.49,0.57,1.69
06-12-20,Chelsea,Leeds United,3,1,23,11,8,3,2021,2,408,481,0.77,0.82,0.45,0.55,4.89,1.03
06-12-20,Sheffield United,Leicester,1,2,4,1,13,4,2021,0,273,674,0.66,0.85,0.29,0.71,0.29,1.39
06-12-20,West Ham,Man United,1,3,19,6,15,6,2021,0,392,631,0.78,0.86,0.39,0.61,2.53,1.79
05-12-20,Burnley,Everton,1,1,8,3,13,6,2021,1,396,581,0.78,0.82,0.41,0.59,1.73,2.28
05-12-20,Man City,Fulham,2,0,15,5,6,1,2021,2,793,351,0.89,0.78,0.69,0.31,3.26,0.29
05-10-20,Aston Villa,Liverpool,7,2,18,11,14,8,2021,2,285,650,0.68,0.85,0.30,0.70,3.08,1.66
04-10-20,Newcastle,Burnley,3,1,10,5,7,3,2021,2,416,455,0.74,0.74,0.47,0.53,1.96,0.44
04-10-20,Wolverhampton,Fulham,1,0,14,5,10,2,2021,2,478,524,0.84,0.87,0.47,0.53,0.89,0.97
04-10-20,Arsenal,Sheffield United,2,1,6,5,6,2,2021,2,699,373,0.89,0.79,0.65,0.35,0.67,0.14
04-10-20,Man United,Tottenham,1,6,5,2,22,8,2021,0,416,672,0.83,0.90,0.38,0.62,0.87,3.30
04-10-20,Southampton,West Brom,2,0,13,7,5,2,2021,2,522,325,0.76,0.69,0.62,0.38,0.95,0.16
04-10-20,Leicester,West Ham,0,3,4,0,14,6,2021,0,684,296,0.84,0.70,0.70,0.30,0.46,2.03
03-11-20,Leeds United,Leicester,1,4,11,4,10,8,2021,0,639,302,0.84,0.69,0.68,0.32,1.75,3.08
03-11-20,Fulham,West Brom,2,0,13,6,10,1,2021,2,395,468,0.76,0.79,0.45,0.55,1.62,0.48
03-10-20,Everton,Brighton,4,2,11,6,11,3,2021,2,474,618,0.85,0.85,0.43,0.57,2.34,2.27
03-10-20,Chelsea,Crystal Palace,4,0,17,6,4,0,2021,2,707,280,0.89,0.74,0.71,0.29,2.51,0.10
03-10-20,Leeds United,Man City,1,1,12,7,23,2,2021,1,429,389,0.82,0.82,0.53,0.47,2.57,1.42
02-11-20,Tottenham,Brighton,2,1,9,3,6,2,2021,2,387,503,0.75,0.80,0.43,0.57,1.97,0.32
01-12-20,West Ham,Aston Villa,2,1,6,2,16,6,2021,2,272,518,0.62,0.83,0.34,0.66,0.57,2.39
01-12-20,Leicester,Fulham,1,2,16,3,10,5,2021,0,666,317,0.86,0.70,0.68,0.32,1.28,2.04
01-11-20,Man United,Arsenal,0,1,8,2,7,2,2021,0,570,501,0.85,0.85,0.54,0.46,0.39,1.00
01-11-20,Newcastle,Everton,2,1,11,4,15,4,2021,2,369,607,0.77,0.90,0.37,0.63,2.63,1.22
01-11-20,Aston Villa,Southampton,3,4,19,10,9,4,2021,0,371,312,0.74,0.69,0.56,0.44,2.45,1.00
01-11-20,Liverpool,West Ham,2,1,9,5,4,3,2021,2,827,304,0.88,0.69,0.73,0.27,1.56,0.27